"Fullscale_V9_DataCollectSweep1_041026: Design Number","Fullscale_V9_DataCollectSweep1_041026: BaseSize (m)","Fullscale_V9_DataCollectSweep1_041026: BEAVSExtension (mm)","Fullscale_V9_DataCollectSweep1_041026: BEAVSPosition (m)","Fullscale_V9_DataCollectSweep1_041026: FreestreamAltitude (ft)","Fullscale_V9_DataCollectSweep1_041026: FreestreamMach","Fullscale_V9_DataCollectSweep1_041026: FreestreamTemperature (C)","Fullscale_V9_DataCollectSweep1_041026: NumSteps","Fullscale_V9_DataCollectSweep1_041026: Cell Count","Fullscale_V9_DataCollectSweep1_041026: Center of Loads (m)","Fullscale_V9_DataCollectSweep1_041026: Drag BEAVS (N)","Fullscale_V9_DataCollectSweep1_041026: Drag Camera Pod (N)","Fullscale_V9_DataCollectSweep1_041026: Drag Center Body (N)","Fullscale_V9_DataCollectSweep1_041026: Drag Coefficient","Fullscale_V9_DataCollectSweep1_041026: Drag Fins (N)","Fullscale_V9_DataCollectSweep1_041026: Drag Nose (N)","Fullscale_V9_DataCollectSweep1_041026: Drag of all external components (N)","Fullscale_V9_DataCollectSweep1_041026: Drag Tail & Base (N)","Fullscale_V9_DataCollectSweep1_041026: Total Solver CPU Time (s)","Fullscale_V9_DataCollectSweep1_041026: Total Solver Elapsed Time (s)"
1.0,0.03,0.0,1.23,3600.0,0.1,7.0,470.0,2405297.0,-0.4639626215291473,0.017390605493258497,0.14711182794965114,1.2071451171394667,0.9710713412522923,0.7328763869589753,-129.92517150016207,3.2568004209417323,131.07744798356242,20282.131804999986,2563.3481433929996
2.0,0.03,0.0,1.23,3600.0,0.11,7.0,470.0,2405297.0,-0.4641170620946165,0.017698096609434458,0.1764735518480038,1.3906374128099315,0.9635416713191447,0.8717779854954174,-129.88213359868857,3.9101721038476023,131.3357186557734,20210.369308000012,2549.114813092002
3.0,0.03,0.0,1.23,3600.0,0.12,7.0,470.0,2405297.0,-0.4642891752372359,0.018027206293759444,0.20857016729154776,1.5881428457807418,0.9577662579194102,1.019581980062144,-129.8351683470858,4.625535529498169,131.6263816771558,21179.619623000002,2694.8798673459996
4.0,0.03,0.0,1.23,3600.0,0.13,7.0,470.0,2405297.0,-0.46448347918706284,0.018371995485751892,0.24366942994093022,1.7941925085509367,0.9414102481871671,1.1759673879197097,-129.78402400620584,5.335874889666858,131.88769757397537,19971.15224999999,2517.4820350049986
5.0,0.03,0.0,1.23,3600.0,0.14,7.0,470.0,2405297.0,-0.46469032685067396,0.018745387926158624,0.2811463915523867,2.0203309647030547,0.9355999638930541,1.3449868706359398,-129.7295745739638,6.150158032533486,132.21452299167976,20185.389267,2542.008595932999
6.0,0.03,0.0,1.23,3600.0,0.15,7.0,470.0,2405297.0,-0.46491033754328515,0.019144729756206916,0.3209726911924678,2.2631852574510103,0.9351152204263274,1.524870153238512,-129.67145547106026,7.056472203622583,132.59975484304462,20369.976090999993,2563.8658742409966
7.0,0.03,0.0,1.23,3600.0,0.16,7.0,470.0,2405297.0,-0.46511703602075105,0.019583843176513314,0.36200428451024513,2.5409138068499453,0.9442740734004929,1.7259408086855603,-129.61025724728333,8.107333191768081,133.06914769582914,20168.059178999996,2538.3869226250013
8.0,0.03,0.0,1.23,3600.0,0.17,7.0,470.0,2405297.0,-0.46535981364481044,0.0200545286136341,0.40630788222618613,2.8203002050686696,0.9417730066186559,1.931952075328549,-129.54450531365342,9.12817718723092,133.4940678096473,20259.296703999964,2559.943429866001
9.0,0.03,0.0,1.23,3600.0,0.18,7.0,470.0,2405297.0,-0.46563180446764846,0.020529384406242458,0.4531813205840859,3.1095090642878134,0.939785962920743,2.142003088977407,-129.47505921479285,10.212073834150784,133.9619101906881,20406.937890999998,2571.3381773339956
10.0,0.03,0.0,1.23,3600.0,0.19,7.0,470.0,2405306.0,-0.46589914131301136,0.02104617035147256,0.5025132730610266,3.422521729860322,0.9383049052793595,2.3709364879375263,-129.4017311646063,11.360336111914245,134.4450496153102,20108.998217999986,2530.920024602999
11.0,0.03,0.0,1.23,3600.0,0.2,7.0,470.0,2405306.0,-0.4662332083085931,0.021569433561295624,0.5547133801014791,3.7317653581165335,0.9362735542982152,2.592261795089228,-129.32404710969718,12.5603793510072,134.9841164938358,20198.37373199999,2542.775810885
12.0,0.03,0.0,1.23,3600.0,0.21,7.0,470.0,2405306.0,-0.4665988794859084,0.022092795123601412,0.6098754640610866,4.044609314772514,0.9241928919990468,2.8247012283408663,-129.2423400495354,13.669140710407799,135.41020195764514,20463.572712999998,2585.5997913849997
13.0,0.03,0.0,1.23,3600.0,0.22,7.0,470.0,2405306.0,-0.46693011499411524,0.022642024297525813,0.6677065680405677,4.373339128915014,0.9192087001522069,3.0733439499327315,-129.1565662803168,14.921053542099271,135.94058815123023,20301.072694000002,2557.964975545
14.0,0.03,0.0,1.23,3600.0,0.23,7.0,470.0,2405306.0,-0.4672026702500676,0.02332121945481607,0.7251378501645613,4.787926690917218,0.9283095427650773,3.3543850285898085,-129.06790705609924,16.469806395732686,136.6469426627055,20202.963517000026,2543.4065473849996
15.0,0.03,0.0,1.23,3600.0,0.24,7.0,470.0,2405306.0,-0.4676518712823351,0.02383241265421291,0.7904627632797823,5.085008822579249,0.9099842956700208,3.597886486681349,-128.9728231620218,17.579089495388015,137.05472217221524,20462.818417,2575.6787877579995
16.0,0.03,0.0,1.23,3600.0,0.25,7.0,470.0,2405306.0,-0.46802489400226194,0.024407879953829006,0.8569501307474827,5.423802783844272,0.8990065565278078,3.8695528773565533,-128.8739820710244,18.844424917136248,137.54369331625847,21099.048800999983,2665.4196866380007
17.0,0.03,0.0,1.23,3600.0,0.26,7.0,470.0,2405306.0,-0.46841067198665215,0.025252372438528764,0.9173994015958391,5.930876376072408,0.9180320587220558,4.180448871820387,-128.7736640712405,20.81347306119524,138.53316011050853,20437.782748999987,2575.509657573001
18.0,0.03,0.0,1.23,3600.0,0.27,7.0,470.0,2405306.0,-0.46884436849970407,0.025893302670663247,0.9886044750633085,6.305380721593672,0.9084365849132354,4.46825624056436,-128.66605976131805,22.21069473794248,139.08861975936856,20239.851455999982,2547.9911436800026
19.0,0.03,0.0,1.23,3600.0,0.28,7.0,470.0,2405306.0,-0.46912180544787835,0.026907825326193496,1.0494069432758368,6.8969778014448435,0.9229767509181237,4.828136335509527,-128.55783751441683,24.26871781773449,140.0251264265949,19913.744861000032,2506.457278804001
20.0,0.03,0.0,1.23,3600.0,0.29,7.0,470.0,2405338.0,-0.46960309602546435,0.027569612554206147,1.1266089073939611,7.281816006469726,0.9154414630314673,5.123330759967084,-128.44051185812407,25.820614819209652,140.70180139094873,20481.834977000013,2586.4381136870015
21.0,0.03,0.0,1.23,3600.0,0.3,7.0,470.0,2405418.0,-0.47001411237034746,0.028479738964599734,1.1965000724102672,7.811828126282519,0.9168930466327169,5.47761120014723,-128.320918248454,27.67586349116998,141.48236260181935,20244.866696000023,2548.0623568169963
22.0,0.03,0.0,1.23,3600.0,0.31,7.0,470.0,2405386.0,-0.470592034913238,0.029108216190227573,1.2810031116826581,8.182963081625852,0.9089607635890926,5.775705313837106,-128.19267222602306,29.296013038995603,142.21990554168283,20346.063897999982,2564.1016651870027
23.0,0.03,0.0,1.23,3600.0,0.32,7.0,470.0,2405418.0,-0.4710566647209656,0.02973635396358793,1.3691391787633762,8.56625073734638,0.8981707884348618,6.107423963866144,-128.05883215551256,30.84600138911599,142.83228331068906,20923.029346000007,2633.9584024250034
24.0,0.03,0.0,1.23,3600.0,0.33,7.0,470.0,2405514.0,-0.47150692240143227,0.030859312547516643,1.4393301384796626,9.232066330339824,0.906545814839735,6.497813009768084,-127.92446057180517,33.109882378764794,143.83427415943487,20905.366875999996,2659.7147731039986
25.0,0.03,0.0,1.23,3600.0,0.34,7.0,470.0,2405578.0,-0.47203042707475995,0.03175342979092773,1.5246797177098077,9.742900756387536,0.9037415240528637,6.860005489436346,-127.7802199022342,35.03822133374463,144.6591018426542,20552.51646800001,2597.225775000998
26.0,0.03,0.0,1.23,3600.0,0.35,7.0,470.0,2405602.0,-0.4725948699929804,0.03254489732861266,1.6150348844986357,10.219871934918759,0.8990963121310243,7.221170394816708,-127.62909836058027,36.9387572300923,145.47923347910984,20726.043405999986,2631.387029567997
27.0,0.03,0.0,1.23,3600.0,0.36,7.0,470.0,2405626.0,-0.47312956417343754,0.03344812499965348,1.704585653709668,10.751432267991119,0.8966978375482302,7.6070649197452,-127.47174533183278,38.975447113538735,146.35066147892584,20581.067189000005,2596.678296700997
28.0,0.03,0.0,1.23,3600.0,0.37,7.0,470.0,2405626.0,-0.47378149150989435,0.03421829667985517,1.8024787845773753,11.19876475787577,0.8905742459893715,7.963875577833399,-127.30574212983946,40.88966756316447,147.19607227603754,30750.771113999974,4156.764993605
29.0,0.03,0.0,1.23,3600.0,0.38,7.0,470.0,2405686.0,-0.4743311530916574,0.03568390351655102,1.8792391583077608,12.019595667519614,0.9015432267330985,8.412802245840576,-127.14006418114108,43.661006214428454,148.45374942038504,20491.919350000007,2592.627109199002
30.0,0.03,0.0,1.23,3600.0,0.39,7.0,470.0,2405718.0,-0.47497430029679616,0.036231905832264336,1.9931793237404465,12.362653708900048,0.8893699227945214,8.782095090561228,-126.95756552543234,45.368210334732055,149.15161583113039,21080.702605000013,2682.9741577520026
31.0,0.03,0.0,1.23,3600.0,0.4,7.0,470.0,2405770.0,-0.47560849316473225,0.03744573286844334,2.0868897340553914,13.041444965067809,0.8910758285848022,9.216868624735877,-126.77512808445584,47.816155379620184,150.20863440734848,20478.07511199999,2588.614681489
32.0,0.03,0.0,1.23,3600.0,0.41,7.0,470.0,2405821.0,-0.4762918805943081,0.03866730691454022,2.1811203495243823,13.725956052364175,0.8928437796186867,9.657113184311395,-126.58639986080915,50.33652034468521,151.32006331237992,31560.319038000016,4268.538260093996
33.0,0.03,0.0,1.23,3600.0,0.42,7.0,470.0,2405896.0,-0.4769211005443712,0.0398206520243306,2.2834607797594586,14.377471209936658,0.8914966507644823,10.107997476174624,-126.38982783740657,52.742206817014136,152.32328453652562,20999.94091399997,2656.243248726003
34.0,0.03,0.0,1.23,3600.0,0.43,7.0,470.0,2405971.0,-0.4776309303303585,0.04070475745367126,2.4015121742905885,14.876412326502688,0.8868980303953283,10.53070510642032,-126.18307432987676,54.998467060760525,153.33220702596998,21872.04206300004,2776.851774202997
35.0,0.03,0.0,1.23,3600.0,0.4400000000000001,7.0,470.0,2406041.0,-0.47840396826369413,0.04258940047954975,2.478732128804809,15.907911045521063,0.898671569051247,11.053172527522065,-125.98108472962817,58.35073839643029,154.84941802373098,21367.983996000014,2699.3962073860007
36.0,0.03,0.0,1.23,3600.0,0.4500000000000001,7.0,470.0,2406028.0,-0.4790728209401301,0.042709261717722144,2.640798771792908,16.021447007499447,0.8798674570193243,11.433737102695076,-125.75205672950766,59.75610516902659,155.36946975482908,20962.87295,2652.117620627001
37.0,0.03,0.0,1.23,3600.0,0.46,7.0,470.0,2406073.0,-0.479832450433073,0.044624069168655814,2.721985854358308,17.05943143266135,0.8911616222075585,11.98297869460365,-125.53703449471733,63.24295381623533,156.9709682601607,21780.768944000014,2750.574931278002
38.0,0.03,0.0,1.23,3600.0,0.47,7.0,470.0,2406128.0,-0.48059954491820717,0.0464053687163094,2.8153960956732096,18.024144743947925,0.8966631246475059,12.539525127714017,-125.31421239333183,66.43011452919635,158.31885558647673,22068.62536600003,2804.1992347279984
39.0,0.03,0.0,1.23,3600.0,0.48,7.0,470.0,2406201.0,-0.4813749682681976,0.047074784742108786,2.9642744507639525,18.4489495520959,0.8902244686924958,12.993285015548182,-125.07340778686032,68.78947551334181,159.40929949705205,32450.708245999987,4408.487922609996
40.0,0.03,0.0,1.23,3600.0,0.49,7.0,470.0,2406230.0,-0.4821983824094633,0.04859868006024987,3.077208088005112,19.266181798099012,0.8918940093561727,13.512841904627145,-124.83435415612311,71.8199978211115,160.74952150644307,21275.714397000032,2688.119285885997
41.0,0.03,0.0,1.23,3600.0,0.5,7.0,470.0,2406340.0,-0.48306092579778165,0.05284899307087952,3.0709134935170326,21.33908477262538,0.9227161251004268,14.330984189489763,-124.61928985017634,77.36564149851355,163.19109989998685,20914.762499,2641.825553412002
42.0,0.03,0.0,1.23,3600.0,0.51,7.0,470.0,2406428.0,-0.4838502070391852,0.052127393249224205,3.2797696369020715,21.178437463586558,0.8978950767156028,14.684546903352581,-124.34695191392147,78.32600055687138,163.4780710737024,21485.790052000033,2726.6953835710024
43.0,0.03,0.0,1.23,3600.0,0.52,7.0,470.0,2406522.0,-0.4846713623448129,0.05396158301950338,3.388056809377126,22.14653731729743,0.899347769205864,15.278055155674842,-124.09327350667384,81.55946359027772,164.78612623158264,20143.454876999996,2547.4350978280004
44.0,0.03,0.0,1.23,3600.0,0.53,7.0,470.0,2406638.0,-0.48560342252914257,0.056152942837073457,3.471483297760395,23.28966661097,0.9051109904495005,15.904113583470094,-123.83758718904288,85.26946976426748,166.3856405182728,28740.89690099999,3851.3252822039994
45.0,0.03,0.0,1.23,3600.0,0.54,7.0,470.0,2406660.0,-0.486545691489257,0.05678121552217816,3.6534992062389717,23.720593539751896,0.8972861403247897,16.381000938118742,-123.55344802912539,87.75229393582381,167.4938670653174,21596.894910000006,2729.3874881180004
46.0,0.03,0.0,1.23,3600.0,0.55,7.0,470.0,2406674.0,-0.48761606215903275,0.058097324994150164,3.776779148832982,24.444442632212652,0.8948812642936665,16.923758242867905,-123.26450568825214,90.78848711173892,168.84991545108338,21637.313232999997,2752.4020188049985
47.0,0.03,0.0,1.23,3600.0,0.56,7.0,470.0,2406899.0,-0.4885508175896867,0.05755553578552551,4.013891692767424,24.29768830675035,0.8737726247422397,17.309420765473146,-122.95172394969013,91.89978510568898,169.17295275460265,22513.730729000014,2847.0839687999983
48.0,0.03,0.0,1.23,3600.0,0.5700000000000001,7.0,470.0,2406911.0,-0.4897511447043752,0.055329076135957646,4.303776583188056,23.3145642882991,0.8413148782274247,17.568527903727468,-122.60885977738458,91.67444389142287,169.04110581745687,22577.49346800002,2849.835290487004
49.0,0.03,0.0,1.23,3600.0,0.58,7.0,470.0,2407031.0,-0.49085400728044654,0.05868368598090186,4.389989781581637,25.0704814692651,0.8594206048847512,18.296616741446037,-122.3006685917281,96.9620420422601,171.44693895571453,21324.72263599999,2704.987455496996
50.0,0.03,0.0,1.23,3600.0,0.59,7.0,470.0,2407232.0,-0.49201233498897917,0.056812748034654734,4.662589789328816,24.11433686900722,0.8234090949430772,18.601166437914195,-121.92661851324114,96.13015975537218,170.62187242432844,31354.925148999988,4239.774080240005
51.0,0.03,0.0,1.23,3600.0,0.6,7.0,470.0,2407235.0,-0.4932161789805055,0.05779697210687869,4.842021791322305,24.64169841165842,0.8168416818204182,19.136131293972234,-121.54636562934259,98.62349360367779,171.49221076396051,21233.231568000036,2684.813019692997
52.0,0.03,0.0,1.23,3600.0,0.61,7.0,470.0,2407296.0,-0.4944578730001031,0.0587799163383428,5.021273749203288,25.14759309569937,0.8110849974080577,19.681631960152764,-121.12006609751403,101.21993244661721,172.43071982273747,21809.668200999997,2753.946374371996
53.0,0.03,0.0,1.23,3600.0,0.62,7.0,470.0,2407186.0,-0.4956573176366732,0.06032253215275535,5.179874561565533,25.960579504309578,0.8140517515238439,20.296590471613385,-120.61827439467355,104.94829560251844,174.06920292755075,20955.51055800004,2662.547774458998
54.0,0.03,0.0,1.23,3600.0,0.63,7.0,470.0,2407299.0,-0.4970926587984347,0.06081190805072462,5.3934179014398875,26.16734682600724,0.8010353254172256,20.80266560263978,-119.92637487693466,106.62836722647407,174.13049986527108,29611.299246000002,4000.701376037996
55.0,0.03,0.0,1.23,3600.0,0.64,7.0,470.0,2407486.0,-0.49841817682779843,0.062445397289559404,5.558516180123843,26.8762990158901,0.8092168802737878,21.42453035487182,-118.79873936689282,111.1641809527928,176.0411293715103,20963.313707999972,2650.231337702
56.0,0.03,0.0,1.23,3600.0,0.65,7.0,470.0,2407567.0,-0.49994858704335154,0.06336652503439898,5.767258737681373,27.1003919492792,0.8078131488642588,21.991975266665182,-116.95322615607715,114.46629487003585,176.49652854745284,21031.38711999998,2671.4527355829996
57.0,0.03,0.0,1.23,3600.0,0.66,7.0,470.0,2408134.0,-0.5014147199931015,0.06524046875100893,5.918461561697226,27.770465565016718,0.826304979632167,22.60508420506335,-114.39425673411348,120.71694661982588,178.7519515534111,20608.263753999996,2603.749255434004
58.0,0.03,0.0,1.23,3600.0,0.67,7.0,470.0,2407842.0,-0.5030346062194156,0.06666193239914728,6.064424640530893,28.188154538887698,0.837088822948578,23.21082199749346,-111.60540599714015,126.02629221481773,180.10163510264664,20876.402062000016,2636.613310316995
59.0,0.03,0.0,1.23,3600.0,0.6799999999999999,7.0,470.0,2408001.0,-0.5047610686491935,0.06766303557548234,6.287934305707591,28.30346986024798,0.8410477990548095,23.768168530035954,-108.64136206292636,130.43029738585932,180.64442371721867,20720.863895,2613.0645739179968
60.0,0.03,0.0,1.23,3600.0,0.69,7.0,470.0,2408043.0,-0.5064927152684432,0.06884153888328844,6.439692273940265,28.569869444763263,0.8496753894574716,24.35379487209013,-105.48670363679001,135.67230935515147,181.7268148622645,21215.191966000017,2688.523706919999
61.0,0.03,0.0,1.23,3600.0,0.7,7.0,470.0,2408246.0,-0.508247752280959,0.0705501852498579,6.531012620047753,29.070683281772975,0.864716959065917,24.981106914505812,-102.0784230721949,142.10522006467653,183.530290135295,31106.980698,4207.809014469999
62.0,0.03,0.0,1.23,3600.0,0.71,7.0,470.0,2408425.0,-0.5101105403133094,0.0714035127407448,6.641821872482879,29.228221063786226,0.8709000584668973,25.563594967255906,-98.42513015655699,147.2397304658286,184.1598192061198,21632.727882999996,2730.134607032
63.0,0.03,0.0,1.23,3600.0,0.72,7.0,470.0,2408564.0,-0.5120082547738594,0.07263198221914327,6.639157258961556,29.52859005265874,0.8811033338205212,26.188243386577337,-94.59293513553553,153.1904949510365,185.35480740615526,20622.925888000005,2601.1271441659987
64.0,0.03,0.0,1.23,3600.0,0.73,7.0,470.0,2408780.0,-0.5139564007068095,0.07419425975324251,6.533718826800586,29.99589561794185,0.8951918716024125,26.814009482519264,-90.5767482002014,159.99332297094205,187.1522529841285,20430.622445999976,2588.041664405003
65.0,0.03,0.0,1.23,3600.0,0.74,7.0,470.0,2409164.0,-0.5159978400672253,0.07513574886948556,6.527701592493988,30.163501322577037,0.9027362814614546,27.418345157247543,-86.30418538899848,165.79229238841788,187.9117939562283,21175.303272999976,2676.9070549789985
66.0,0.03,0.0,1.23,3600.0,0.75,7.0,470.0,2409418.0,-0.518061767220708,0.07694292465206932,6.43746161593253,30.573689403746837,0.9171033866026177,28.05763370463629,-81.91141717609817,173.0138292886303,189.77951881576072,28195.249539999993,3788.177043619007
67.0,0.03,1.666666666666667,1.23,3600.0,0.1,7.0,470.0,2405356.0,-0.4639669544639506,0.04011645825845228,0.14694452375362457,1.2108012739321832,0.9731928318005599,0.7415248880975236,-129.92508107047237,3.2639155226001297,131.04960944903075,19483.71049400004,2460.409510423
68.0,0.03,1.666666666666667,1.23,3600.0,0.11,7.0,470.0,2405356.0,-0.4641240381951362,0.05204255865309708,0.17611904277299065,1.394289800364788,0.9662423945737365,0.8715821949980386,-129.8820098591216,3.921131975168821,131.30910823750156,19694.978493999934,2502.859872445003
69.0,0.03,1.666666666666667,1.23,3600.0,0.12,7.0,470.0,2405356.0,-0.46429498591164764,0.06309844998111237,0.20810869713346697,1.591828009963079,0.960480748108146,1.0214578408342905,-129.83522517913082,4.638645169463686,131.5893773506825,19753.907543000016,2494.988735643002
70.0,0.03,1.666666666666667,1.23,3600.0,0.13,7.0,470.0,2405356.0,-0.46448061927064727,0.07503371080859843,0.2427419357783433,1.8041747232283687,0.9554892410396076,1.183127870666857,-129.78477257312076,5.415674046918168,131.89536837955674,20153.141934000032,2551.9578095140027
71.0,0.03,1.666666666666667,1.23,3600.0,0.14,7.0,470.0,2405356.0,-0.4646816838476229,0.08830988744790497,0.27993135879210496,2.0329449273404516,0.9518936020842625,1.3544570641072602,-129.7303256120849,6.257264118112903,132.2319464925101,20136.872504999996,2560.446025722005
72.0,0.03,1.666666666666667,1.23,3600.0,0.15,7.0,470.0,2405356.0,-0.4648985704611193,0.1026214504158686,0.31946318231860127,2.2766415250175585,0.9489691134497107,1.5363624653105559,-129.67226914483902,7.161015054488457,132.5981955762649,29558.043446999993,3999.5978211519937
73.0,0.03,1.666666666666667,1.23,3600.0,0.16,7.0,470.0,2405356.0,-0.46512781068943154,0.11801960748624703,0.36129922929912756,2.5335101509094287,0.943994390212217,1.7277807159595369,-129.61054904569073,8.104931892336708,132.97487123437313,19996.72837600002,2525.553905692
74.0,0.03,1.666666666666667,1.23,3600.0,0.17,7.0,470.0,2405356.0,-0.4653758811415309,0.13458723007702927,0.4059890786982807,2.8027497709915172,0.9398530672284999,1.9306465865515716,-129.54485040424186,9.109568088415259,133.38044582633873,20050.67871099999,2537.269534765003
75.0,0.03,1.666666666666667,1.23,3600.0,0.18,7.0,470.0,2405356.0,-0.46563555706591625,0.15275407214358333,0.4523613859588307,3.0996286026386946,0.9404189379180554,2.1466893269823,-129.47563088548472,10.218951982647075,133.84314948040836,19832.72453900001,2523.1080775810015
76.0,0.03,1.666666666666667,1.23,3600.0,0.19,7.0,470.0,2405356.0,-0.46591300992215,0.17211977669869422,0.5011067781424638,3.4065115208882526,0.9381648958900025,2.3715387303313378,-129.40228987334095,11.35864097666237,134.30965404394257,19662.571382999973,2484.577905732
77.0,0.03,1.666666666666667,1.23,3600.0,0.2,7.0,470.0,2405356.0,-0.46620654519466515,0.19241484279848842,0.5530068561722118,3.723377614583891,0.9349074720092905,2.6047993234823403,-129.32494183002677,12.54205296370851,134.79339615669832,31035.006177000003,4231.413912028002
78.0,0.03,1.666666666666667,1.23,3600.0,0.21,7.0,470.0,2405356.0,-0.46651357725822135,0.2143053017731033,0.6066849634534175,4.059186864454477,0.9328475177542654,2.8509079994182454,-129.2437187314451,13.797145695371674,135.30977929771754,19706.694820000004,2491.779471212996
79.0,0.03,1.666666666666667,1.23,3600.0,0.22,7.0,470.0,2405356.0,-0.4668431241199034,0.23658251230326277,0.6637951128416905,4.39221983848941,0.9280561613413127,3.0994889282936695,-129.1581689451012,15.064669939651246,135.83075249282447,20127.314815999976,2558.948247107997
80.0,0.03,1.666666666666667,1.23,3600.0,0.23,7.0,470.0,2405373.0,-0.46717940914141975,0.26367590573750366,0.718526502630575,4.808881650753073,0.9346156193473423,3.3700195720535913,-129.06968374412043,16.58168702998453,136.49026714293024,19924.070259000022,2513.977915614003
81.0,0.03,1.666666666666667,1.23,3600.0,0.24,7.0,470.0,2405373.0,-0.46753230262410833,0.2907003240904913,0.778463552675803,5.20756407533956,0.935009183794114,3.6479043323567657,-128.9765628153106,18.062520638143695,137.11445116899162,19626.515357000004,2476.2671779590037
82.0,0.03,1.666666666666667,1.23,3600.0,0.25,7.0,470.0,2405384.0,-0.4679063200492985,0.31650935910103856,0.8428339697824218,5.571111888573399,0.9289312855691503,3.925755537868182,-128.87838278772554,19.471688762422545,137.69386079482305,19772.217541999973,2507.0329280690025
83.0,0.03,1.666666666666667,1.23,3600.0,0.26,7.0,470.0,2405401.0,-0.4682977115598142,0.346720617372093,0.9066313771637047,6.004219823431063,0.9299921533526698,4.220581535801945,-128.77673730667362,21.084630375407286,138.3832143283121,28742.77738099999,3879.2961406040004
84.0,0.03,1.666666666666667,1.23,3600.0,0.27,7.0,470.0,2405401.0,-0.4687152108164254,0.37629792485243874,0.9743211261566395,6.417472068759003,0.9278113164791931,4.520093184447568,-128.67005876965467,22.684394559798665,139.0662690252377,19750.715058999995,2494.6001195779995
85.0,0.03,1.666666666666667,1.23,3600.0,0.28,7.0,470.0,2405401.0,-0.46917300052266386,0.407595552541908,1.042161713217069,6.8640675566228575,0.9279481744228731,4.832011665108443,-128.55957093611818,24.399436250316054,139.81317069894396,19802.229058999972,2502.651711267999
86.0,0.03,1.666666666666667,1.23,3600.0,0.29,7.0,470.0,2405465.0,-0.46960785370133135,0.44168094965036986,1.1139106170825595,7.3227536210529465,0.9254688689617432,5.151119193635573,-128.44369286650291,26.1034442480888,140.51767273317026,20570.98865999997,2614.855171223998
87.0,0.03,1.666666666666667,1.23,3600.0,0.3,7.0,470.0,2405449.0,-0.4700320733926599,0.47366869753942864,1.1928752990622506,7.731101507662093,0.9183807777639863,5.476412513850697,-128.3218117646869,27.72076975788428,141.1685235044567,19917.735940000002,2515.2190668810003
88.0,0.03,1.666666666666667,1.23,3600.0,0.31,7.0,470.0,2405537.0,-0.47052342825819715,0.5060980426650179,1.271459423385997,8.160467349924613,0.9124803975313612,5.805021290864762,-128.19512062216344,29.40945164492404,141.86152616024702,20611.387722000007,2607.055683411997
89.0,0.03,1.666666666666667,1.23,3600.0,0.32,7.0,470.0,2405577.0,-0.47099570166559707,0.5481257040377163,1.3492299357807056,8.708528472106325,0.9148606392351758,6.16080051270576,-128.06434800357806,31.419183202196063,142.7168465811436,20161.046070999968,2557.3817359370005
90.0,0.03,1.666666666666667,1.23,3600.0,0.33,7.0,470.0,2405601.0,-0.4715272831576558,0.583834777171263,1.4348539703409282,9.15166092491311,0.9097521522693172,6.505718985371196,-127.9258670802085,33.22698782828793,143.47678625069997,29170.551721999986,3946.2330347970064
91.0,0.03,1.666666666666667,1.23,3600.0,0.34,7.0,470.0,2405625.0,-0.4720161853015074,0.6281843899742151,1.5114772748442278,9.75561031511985,0.9113075508251771,6.891005619131244,-127.78425809806335,35.33155755168945,144.32953805068328,20298.683773999972,2563.4155265490026
92.0,0.03,1.666666666666667,1.23,3600.0,0.35,7.0,470.0,2405545.0,-0.47254971260816037,0.6635256618869665,1.6094062309228672,10.1494700534624,0.9031074648071165,7.246690262371077,-127.6311585121637,37.10355269517859,145.065618998699,19747.64237300001,2497.0952029370014
93.0,0.03,1.666666666666667,1.23,3600.0,0.36,7.0,470.0,2405733.0,-0.4731554302039657,0.7172235527315376,1.6871862209020263,10.844857145259455,0.9103590374386717,7.645151801114086,-127.47746154667578,39.569238412615796,146.15228123928446,20288.096128000005,2574.1304584750014
94.0,0.03,1.666666666666667,1.23,3600.0,0.37,7.0,470.0,2405641.0,-0.47369185055694824,0.7570701820618342,1.7847956366899658,11.295927190841207,0.9019361259320577,8.025086268383067,-127.3116382597694,41.411334898416115,146.86009388020946,28183.38486100001,3783.9462454930003
95.0,0.03,1.666666666666667,1.23,3600.0,0.38,7.0,470.0,2405766.0,-0.474302380843174,0.795227090119882,1.8851890930536352,11.719101146050539,0.8936649511957082,8.407323686618675,-127.13852151726553,43.279467729087685,147.6111482305105,20687.467023999983,2614.9520294349986
96.0,0.03,1.666666666666667,1.23,3600.0,0.39,7.0,470.0,2405896.0,-0.4749810217396658,0.8723670230086389,1.9531858838335672,12.683728898058378,0.9117879700798533,8.860796868959456,-126.96818450575654,46.51179149086014,149.1098973227566,20014.150367000035,2530.350520349
97.0,0.03,1.666666666666667,1.23,3600.0,0.4,7.0,470.0,2405914.0,-0.47555985369749404,0.9027930541022082,2.077273251050522,12.976386169446968,0.8960264009417367,9.24637528245075,-126.77837622334053,48.08180879478816,149.65735726107823,20267.870888999998,2573.192565193004
98.0,0.03,1.666666666666667,1.23,3600.0,0.41,7.0,470.0,2405991.0,-0.4762288522429106,0.9648643569723895,2.1642679388380808,13.717672164705213,0.8999423513571978,9.69994562996112,-126.5905756855579,50.73672182325339,150.7805474183345,20242.047953999983,2555.0944867550024
99.0,0.03,1.666666666666667,1.23,3600.0,0.42,7.0,470.0,2405994.0,-0.47686996070001636,1.0284990539050822,2.259100594863666,14.43413108079659,0.9003334426203434,10.163965548087653,-126.3960161248584,53.26500396186161,151.77532380906703,20873.035460999992,2634.030171535
100.0,0.03,1.666666666666667,1.23,3600.0,0.43,7.0,470.0,2406135.0,-0.47760936802275794,1.0850414363950007,2.3718904937835106,15.041447341744586,0.899118742736889,10.60673635014826,-126.19094859267727,55.75629989175327,152.84213286235916,20416.35685800002,2587.8603799640005
101.0,0.03,1.666666666666667,1.23,3600.0,0.4400000000000001,7.0,470.0,2405211.0,-0.4783549195473177,1.129974171101343,2.4927226589634333,15.614504938378252,0.89587852522202,11.052353089432568,-125.97949054679279,58.16938608105545,153.85932176997267,30551.127268999993,4120.690443555993
102.0,0.03,1.666666666666667,1.23,3600.0,0.4500000000000001,7.0,470.0,2406248.0,-0.47901570288235246,1.25291903211667,2.5431444904147664,16.967340704845096,0.9156151951822449,11.66855634614227,-125.77636137221205,62.18390902081902,155.52830981951223,20472.616316000018,2585.1948178099997
103.0,0.03,1.666666666666667,1.23,3600.0,0.46,7.0,470.0,2406335.0,-0.47979316559911744,1.300708620393773,2.6783010434512016,17.414315554609797,0.9074038157961317,12.111198362289647,-125.54955500704598,64.39561150862107,156.44064293492264,20453.143551999994,2581.2508570180007
104.0,0.03,1.666666666666667,1.23,3600.0,0.47,7.0,470.0,2406406.0,-0.48054802632761917,1.3718887376417062,2.7812063147340362,18.202810899120298,0.9086376642828686,12.623377445786607,-125.32383992026453,67.31725934149613,157.66181586447803,21831.418636999948,2766.0485649499988
105.0,0.03,1.666666666666667,1.23,3600.0,0.48,7.0,470.0,2406425.0,-0.4813447533320567,1.429384414669305,2.911904914055426,18.798072986624554,0.9046729095146492,13.121433300018126,-125.08515539355565,69.90593625003811,158.73029602822638,22149.354594000026,2810.9762056869995
106.0,0.03,1.666666666666667,1.23,3600.0,0.49,7.0,470.0,2406576.0,-0.4821395281975701,1.5104483013624572,3.0144511007458594,19.689608588448195,0.9071126592291046,13.669814555632767,-124.85100766730586,73.04548357306001,160.0121686941766,21173.374159000025,2676.602710750001
107.0,0.03,1.666666666666667,1.23,3600.0,0.5,7.0,470.0,2406646.0,-0.483011108063006,1.5623461879649294,3.1623715630369116,20.173741537375115,0.899999246374404,14.143600608820982,-124.59851176055388,75.46093229524539,161.01738415860137,21397.850136000012,2702.240572057003
108.0,0.03,1.666666666666667,1.23,3600.0,0.51,7.0,470.0,2406668.0,-0.4838643722423555,1.6531329775708374,3.273124574832818,21.12111521757313,0.9048007661082684,14.71648380551718,-124.35070755402685,78.92840393922876,162.51525491776164,21670.88639800004,2757.0991998239997
109.0,0.03,1.666666666666667,1.23,3600.0,0.52,7.0,470.0,2406798.0,-0.4847586441238168,1.7327049030852153,3.4020545370716193,21.908177824690828,0.904365813939732,15.26280437887206,-124.0927723598656,82.01453675638751,163.8015674725334,20225.402774999995,2552.972587217001
110.0,0.03,1.666666666666667,1.23,3600.0,0.53,7.0,470.0,2406943.0,-0.48568019542355884,1.8071169684733168,3.537779805473128,22.670328261966908,0.9030571672068485,15.813625770995582,-123.82689997133498,85.0759814288717,165.07403059329775,20122.512128999962,2545.0355508880016
111.0,0.03,1.666666666666667,1.23,3600.0,0.54,7.0,470.0,2407026.0,-0.4866336609681518,1.8855671626132595,3.659609286182943,23.44763749248742,0.9014566783770948,16.35776954522373,-123.55353574174565,88.16016191080884,166.36311416604713,33342.96341399997,4588.690902999999
112.0,0.03,1.666666666666667,1.23,3600.0,0.55,7.0,470.0,2406893.0,-0.48760161068349606,2.011601507090194,3.7139006082422763,24.910858835734796,0.9150283368484688,17.07373260952764,-123.27317701224594,92.83247027460538,168.39555372625642,20398.18755399999,2572.7031429609992
113.0,0.03,1.666666666666667,1.23,3600.0,0.56,7.0,470.0,2407175.0,-0.4886766813761179,1.9812618817325363,3.9684141596277986,24.3525650796835,0.8849683600389251,17.362223168943114,-122.9626265788858,93.07730616635288,168.37546845525173,20769.498250000022,2623.2798455350007
114.0,0.03,1.666666666666667,1.23,3600.0,0.5700000000000001,7.0,470.0,2407144.0,-0.48979942075317134,1.9810749271494248,4.209176472765445,24.13869754075336,0.8669273770405054,17.745522962582495,-122.63366192736413,94.46532712209384,169.02451714620724,21398.987884999962,2714.8199574159976
115.0,0.03,1.666666666666667,1.23,3600.0,0.58,7.0,470.0,2407010.0,-0.4909599878011128,1.9978858380427111,4.42146315806547,24.114729858529067,0.8513646839249365,18.178538737378926,-122.2973274412217,96.05315232940583,169.63786217861139,30456.05579999997,4100.424380541001
116.0,0.03,1.666666666666667,1.23,3600.0,0.59,7.0,470.0,2407204.0,-0.49213634530522987,2.0373181177781325,4.610931117858273,24.336145120131103,0.8403721636466353,18.665515542774088,-121.9435391245903,98.11053927076617,170.40416849681492,21298.349106999987,2685.4047629670017
117.0,0.03,1.666666666666667,1.23,3600.0,0.6,7.0,470.0,2407278.0,-0.49331966460073323,2.11123298291374,4.769809259296022,25.04819069225378,0.8396405218483984,19.240379914650937,-121.56516281530143,101.37617053448739,171.77172050067432,21172.707513000005,2674.401096021
118.0,0.03,1.666666666666667,1.23,3600.0,0.61,7.0,470.0,2407182.0,-0.4946495731167512,2.1361417138344834,5.001218922182627,24.98922828304838,0.8218577482937006,19.678567201478373,-121.13051873059052,102.56432559948485,171.88968820953153,21245.401691999967,2691.996206444999
119.0,0.03,1.666666666666667,1.23,3600.0,0.62,7.0,470.0,2407380.0,-0.49585556532765707,2.228822045645947,5.145137030743329,25.94377894884647,0.827862171293108,20.315819687581428,-120.6290636884709,106.72874753770125,173.724253513355,20803.047302999985,2627.049359799999
120.0,0.03,1.666666666666667,1.23,3600.0,0.63,7.0,470.0,2407419.0,-0.49711497593774784,2.3264349497499897,5.286777255158631,26.92244577144399,0.8345653435409821,20.96301629778278,-119.94693514080707,111.09165488953438,175.53991575620606,21010.885560999974,2656.2472726510046
121.0,0.03,1.666666666666667,1.23,3600.0,0.64,7.0,470.0,2407505.0,-0.49865713862003297,2.3393426008585934,5.561151903658627,26.61134032322911,0.8179317682417493,21.397409255835917,-118.80769389313055,112.36136727783088,175.2598170873792,21173.998105000002,2687.682442923001
122.0,0.03,1.666666666666667,1.23,3600.0,0.65,7.0,470.0,2407718.0,-0.5000207368538107,2.462052861043664,5.672258292593097,27.649483977945756,0.8371030602442338,22.10061997010409,-117.0129215585359,118.61664527897778,177.74515173582708,30741.015646999997,4175.969091378
123.0,0.03,1.666666666666667,1.23,3600.0,0.66,7.0,470.0,2407887.0,-0.501763460057701,2.47270589138177,5.97017581789129,27.2370958182374,0.8276968967599139,22.541190787845558,-114.31216368538571,120.92029524987319,177.01129061990287,20653.246629000023,2606.975405020999
124.0,0.03,1.666666666666667,1.23,3600.0,0.67,7.0,470.0,2407914.0,-0.5033776140052828,2.5449636226170376,6.143366217910404,27.585135009416916,0.83727497546914,23.1388959867091,-111.53962887662472,126.05431804828928,178.18158608826053,20501.280165000007,2589.0134973839986
125.0,0.03,1.666666666666667,1.23,3600.0,0.6799999999999999,7.0,470.0,2408420.0,-0.5049083140457415,2.6798501249885764,6.182993604670437,28.584732196077542,0.8643147870724699,23.839664838776116,-108.71629933496689,134.03855861646616,181.4676171869204,20771.026538,2637.6128394380057
126.0,0.03,1.666666666666667,1.23,3600.0,0.69,7.0,470.0,2408296.0,-0.5067146934490099,2.7427935339344605,6.346774631265764,28.708048153430973,0.8690280943600135,24.390621833543015,-105.51075007948121,138.76246142848987,182.08497335579685,30305.361038999992,4082.325046109995
127.0,0.03,1.666666666666667,1.23,3600.0,0.7,7.0,470.0,2408321.0,-0.5085293508158729,2.805064099921085,6.525306617816191,28.859358666950406,0.8761007733269826,24.96268550479201,-102.09421895139282,143.97600496577476,182.91780902768792,20006.014944999977,2522.444377669001
128.0,0.03,1.666666666666667,1.23,3600.0,0.71,7.0,470.0,2408629.0,-0.5103824410756277,2.8582402515939265,6.599488999308517,29.008101790674637,0.8830485766583613,25.53478131003031,-98.45122206940124,149.29363381177538,183.74424352956922,20177.462883000026,2549.216123169
129.0,0.03,1.666666666666667,1.23,3600.0,0.72,7.0,470.0,2408875.0,-0.5123105060119175,2.9280596522230837,6.6228515522826,29.2549919697269,0.8915334466698694,26.133840472263365,-94.6077206106988,155.00389649936423,184.6718734635671,20076.10056000002,2541.551453743007
130.0,0.03,1.666666666666667,1.23,3600.0,0.73,7.0,470.0,2409264.0,-0.5142631671904555,3.0222290486521803,6.526495421954588,29.798043544988104,0.9088528506227891,26.799854393004452,-90.60990738967995,162.43488382268885,186.8981688037695,19866.98535999999,2505.947251423999
131.0,0.03,1.666666666666667,1.23,3600.0,0.74,7.0,470.0,2409316.0,-0.5163213354685469,3.0699179794637805,6.587686642673463,29.81408415827757,0.9125336347163447,27.387362643100108,-86.34448290376122,167.5916281289043,187.0770596091506,20226.24908799996,2554.627822620998
132.0,0.03,1.666666666666667,1.23,3600.0,0.75,7.0,470.0,2409544.0,-0.5184096069593301,3.1736095058456977,6.4455826658431,30.29623942414819,0.9283869230462529,28.024369517998082,-81.91997772657113,175.14249643406856,189.12267304680458,19846.232722000004,2512.1671108930004
133.0,0.03,3.333333333333333,1.23,3600.0,0.1,7.0,470.0,2404038.0,-0.463967522176753,0.0846359502395083,0.14707708073349304,1.2108156459522343,0.9825062220833168,0.7314149760285831,-129.92471180096965,3.2951509757587174,131.04591912377455,29140.37745299998,3940.4874835519986
134.0,0.03,3.333333333333333,1.23,3600.0,0.11,7.0,470.0,2404038.0,-0.4641229946740403,0.10315201208364526,0.17671548956915892,1.3908702942655573,0.9731804066060186,0.871605371548966,-129.88177988519516,3.9492872920713844,131.28872400979924,20122.141745999994,2537.0543359829994
135.0,0.03,3.333333333333333,1.23,3600.0,0.12,7.0,470.0,2404038.0,-0.464294165668453,0.1256906650546762,0.2088587443777317,1.5866379205682564,0.9670892692654807,1.0193325214591693,-129.83490107170988,4.6705610457621916,131.56494226601225,20064.18120100004,2533.4726474309987
136.0,0.03,3.333333333333333,1.23,3600.0,0.13,7.0,470.0,2404038.0,-0.46447974082093435,0.15001114786329936,0.24346831915942468,1.7985350122743005,0.9634919004360027,1.1792291899159466,-129.78410742283418,5.46103279397458,131.8738965475958,20104.860715000013,2548.77761531
137.0,0.03,3.333333333333333,1.23,3600.0,0.14,7.0,470.0,2404038.0,-0.4646806138095287,0.17563163591229222,0.280688058686242,2.0230410908588823,0.957963457352019,1.3499571920357338,-129.72965354641826,6.297164257672551,132.1974998265977,20037.217936999998,2527.610750875
138.0,0.03,3.333333333333333,1.23,3600.0,0.15,7.0,470.0,2404038.0,-0.4648980475468976,0.20370287792218747,0.32035489998079575,2.2633651689614935,0.9544424487119991,1.5305382424153884,-129.67145255685924,7.202317385255637,132.555808752835,19966.821940000016,2521.650320343
139.0,0.03,3.333333333333333,1.23,3600.0,0.16,7.0,470.0,2404038.0,-0.4651398809706957,0.23438078962134,0.3619777499353035,2.5242152611367015,0.9575560188604076,1.721947041041111,-129.60973327216755,8.221369106034597,132.9885815364677,29952.162993000027,4050.131301056998
140.0,0.03,3.333333333333333,1.23,3600.0,0.17,7.0,470.0,2404038.0,-0.46538278107759173,0.2661639137882939,0.4067041057070847,2.7874014784974257,0.9493281670577136,1.9230024202975309,-129.54388481541093,9.201405919293741,133.36201881641432,20316.833295999986,2575.497219809001
141.0,0.03,3.333333333333333,1.23,3600.0,0.18,7.0,470.0,2404038.0,-0.46563734168510307,0.3019600185542112,0.4520829414859482,3.0931480981841997,0.9530379011419076,2.143839816045812,-129.47474698881297,10.35607446503861,133.83979057958138,19891.110321000022,2510.324133986003
142.0,0.03,3.333333333333333,1.23,3600.0,0.19,7.0,470.0,2404051.0,-0.4659136603556942,0.34038981420124365,0.49957021424995685,3.421901101780683,0.957958414395176,2.374337553317889,-129.40171518925072,11.598286982764455,134.3638034884654,19515.194808999975,2465.1071645559996
143.0,0.03,3.333333333333333,1.23,3600.0,0.2,7.0,470.0,2404051.0,-0.4662287398367595,0.38026453197666077,0.5502615471422165,3.7478729996496307,0.9593656877156007,2.6058828506301355,-129.32448833876168,12.870166970677644,134.91037338004068,19629.69765400002,2486.7895387599992
144.0,0.03,3.333333333333333,1.23,3600.0,0.21,7.0,470.0,2404051.0,-0.4665268862930103,0.4210412091766224,0.6038757972822846,4.07807914198751,0.9530663344492467,2.8536090378694334,-129.24308126404247,14.096189166484981,135.38266524421158,29654.63959499999,4011.0761065779993
145.0,0.03,3.333333333333333,1.23,3600.0,0.22,7.0,470.0,2404051.0,-0.4668733923020392,0.46525611495142055,0.6599821415310774,4.419896341487175,0.9513737473133268,3.099584436737862,-129.15756671936722,15.443172611246219,135.95602029590592,19645.656611000013,2483.570175859002
146.0,0.03,3.333333333333333,1.23,3600.0,0.23,7.0,470.0,2404051.0,-0.46720277289140294,0.5129941632329706,0.7171235325679337,4.799243363741918,0.9500404789302841,3.3685987365522427,-129.06839215758126,16.855350543402356,136.5257829048886,19477.36582,2457.127499397002
147.0,0.03,3.333333333333333,1.23,3600.0,0.24,7.0,470.0,2404051.0,-0.4675631675935537,0.5630103934771514,0.7776019570527202,5.180471773018584,0.9485150853897952,3.6423659474474532,-128.97485675438173,18.323427836208687,137.1348345195945,19719.825957999976,2502.531523176002
148.0,0.03,3.333333333333333,1.23,3600.0,0.25,7.0,470.0,2404051.0,-0.46795275186883234,0.6120365943734574,0.8426310364848877,5.531942089938627,0.9411519444288798,3.9137328571126497,-128.8761887436376,19.727850729927596,137.70369689565558,19721.276243000015,2489.4339844079987
149.0,0.03,3.333333333333333,1.23,3600.0,0.26,7.0,470.0,2404051.0,-0.46835383517827955,0.6666435005586194,0.9062223170575523,5.94919788231714,0.9412065838325574,4.206409724199899,-128.77433609873722,21.338882113646946,138.38474478825097,19673.955019999983,2484.1534195130057
150.0,0.03,3.333333333333333,1.23,3600.0,0.27,7.0,470.0,2404051.0,-0.46875430649529015,0.7236037701422303,0.9721443187058676,6.388032928869262,0.9408284092266693,4.515160698519344,-128.6681686055364,23.002654169980858,139.07188105928057,30684.893927000016,4160.341658746999
151.0,0.03,3.333333333333333,1.23,3600.0,0.28,7.0,470.0,2404051.0,-0.46931058690098276,0.7698351957349566,1.0540800864886464,6.610028242585971,0.9147346414141735,4.764253997766257,-128.55278511259206,24.052000083972224,139.40658767398844,20254.925216000007,2571.3340386730015
152.0,0.03,3.333333333333333,1.23,3600.0,0.29,7.0,470.0,2404083.0,-0.46968265213922583,0.840252270059743,1.119978607219977,7.179632721853276,0.9292431035826945,5.1134052637504155,-128.43890576354818,26.209898961274057,140.3955358619388,20003.468043999994,2523.259428989001
153.0,0.03,3.333333333333333,1.23,3600.0,0.3,7.0,470.0,2404163.0,-0.47005391735346014,0.9053337219436675,1.1936543071509704,7.649508424102781,0.9255519574817144,5.459777384686006,-128.3182754378741,27.937227491605093,141.04722909159577,20109.218008999982,2537.466682163002
154.0,0.03,3.333333333333333,1.23,3600.0,0.31,7.0,470.0,2404131.0,-0.4706012146518062,0.9713371921284202,1.2718509593009297,8.105694081425128,0.9245164771647066,5.781571508097485,-128.19164149824374,29.79737724083709,141.85856499812886,19887.623738000017,2515.1292278919987
155.0,0.03,3.333333333333333,1.23,3600.0,0.32,7.0,470.0,2404163.0,-0.4711405930122385,1.0325416186027807,1.3585333328448879,8.479445238445383,0.9154887528179838,6.10199782925045,-128.05761500410566,31.440754592289455,142.52585157725161,29462.052507,3961.495446858999
156.0,0.03,3.333333333333333,1.23,3600.0,0.33,7.0,470.0,2404299.0,-0.4715582297791451,1.1147155520868024,1.43146784374218,9.113601840923947,0.9223923618393814,6.497832014249215,-127.92268181391036,33.688647730365474,143.45371229327372,20026.539889000025,2527.292724605999
157.0,0.03,3.333333333333333,1.23,3600.0,0.34,7.0,470.0,2404291.0,-0.47213133206039354,1.187528162376865,1.5178672366301125,9.589861425873513,0.9194584227403295,6.843509528416307,-127.777930867941,35.647568320947194,144.28673283559135,20875.285964000002,2638.746147844999
158.0,0.03,3.333333333333333,1.23,3600.0,0.35,7.0,470.0,2404291.0,-0.47269766415849795,1.2694212941090575,1.601574200724325,10.156411074407059,0.9204931741277538,7.219932293450661,-127.62822229981568,37.81783267520184,145.19871611232642,20682.355724999998,2627.987371166999
159.0,0.03,3.333333333333333,1.23,3600.0,0.36,7.0,470.0,2404347.0,-0.4732178897638038,1.34868407827259,1.690510525903855,10.680267508171577,0.9175163811366138,7.608340785797595,-127.47103995681167,39.88033615266982,146.02357321133587,20218.369667999996,2551.1025586889987
160.0,0.03,3.333333333333333,1.23,3600.0,0.37,7.0,470.0,2404363.0,-0.47380284215537677,1.4335755174315186,1.7800469030446577,11.234198141049786,0.9165570221648426,7.997072414480552,-127.30689800312389,42.0826361280738,146.94464115519116,20216.73699999999,2554.020258469999
161.0,0.03,3.333333333333333,1.23,3600.0,0.38,7.0,470.0,2404415.0,-0.4744067018625153,1.5147694483423764,1.8764834185919452,11.738393375967759,0.9118857483665639,8.393194865633284,-127.13509126697735,44.161886136679016,147.77413629512102,21073.382500999993,2666.9795025160015
162.0,0.03,3.333333333333333,1.23,3600.0,0.39,7.0,470.0,2404458.0,-0.4749909061702098,1.6058128129099567,1.9734455196814569,12.306507991858851,0.9100619580884433,8.804996721599341,-126.9570937812551,46.42374480403211,148.6900755392376,33559.19247899998,4538.290140256005
163.0,0.03,3.333333333333333,1.23,3600.0,0.4,7.0,470.0,2404496.0,-0.4756474942901767,1.7022212103044678,2.067556021755019,12.94148365414609,0.9112610781623205,9.233965510418829,-126.77394379365347,48.89931912305593,149.728036520085,21094.392440000014,2660.5370332060033
164.0,0.03,3.333333333333333,1.23,3600.0,0.41,7.0,470.0,2404568.0,-0.4762962829655157,1.7939658015223499,2.173311394113452,13.49218975523096,0.9083162693346285,9.654858826183048,-126.58214918387404,51.20882444888366,150.67664785570793,21619.100853000004,2733.2808080479977
165.0,0.03,3.333333333333333,1.23,3600.0,0.42,7.0,470.0,2404687.0,-0.4769186272095053,1.900141389804009,2.2733823945682943,14.17629401104836,0.9087436418275937,10.12458465386296,-126.38592264591391,53.762563280318616,151.67408347694888,22303.125624999975,2827.1774108760014
166.0,0.03,3.333333333333333,1.23,3600.0,0.43,7.0,470.0,2404800.0,-0.4776234898536963,2.0206400881035633,2.3650666586370312,14.990529000881214,0.9133840472364823,10.604497915249215,-126.18571970790208,56.640922309149836,152.8459083541809,22018.060360999985,2775.816994167999
167.0,0.03,3.333333333333333,1.23,3600.0,0.4400000000000001,7.0,470.0,2404787.0,-0.4783492937367548,2.1502493751106284,2.454391491000274,15.86040685929449,0.9201472585827006,11.10204638303419,-125.979670053181,59.74515476041495,154.15773070515635,21110.822738999992,2663.426360399003
168.0,0.03,3.333333333333333,1.23,3600.0,0.4500000000000001,7.0,470.0,2404941.0,-0.47904889069472817,2.278062674498458,2.556763806743993,16.68611848920702,0.9227420068576588,11.616782635379053,-125.76702100152008,62.66792568105394,155.2972190767455,34351.37688400004,4670.110718395996
169.0,0.03,3.333333333333333,1.23,3600.0,0.46,7.0,470.0,2404999.0,-0.4797844709253767,2.381289988842674,2.6833760379025686,17.280706475444024,0.9197055437976136,12.094858993533132,-125.54128337554499,65.26862667946114,156.36967855928373,20719.453125999986,2624.0556864830023
170.0,0.03,3.333333333333333,1.23,3600.0,0.47,7.0,470.0,2405084.0,-0.4805820831933432,2.4837067849156096,2.807325659603387,17.870388198743115,0.9152275292079549,12.574886037777734,-125.31192972878148,67.80547556191613,157.38109860965778,19967.774943000026,2518.858689355997
171.0,0.03,3.333333333333333,1.23,3600.0,0.48,7.0,470.0,2405095.0,-0.4813710099235623,2.5873090408404287,2.9426671573300283,18.393123656306855,0.9098262674044926,13.04113819842194,-125.07229724120856,70.30414681247697,158.41220600078628,20371.803229999998,2570.4509915520034
172.0,0.03,3.333333333333333,1.23,3600.0,0.49,7.0,470.0,2405171.0,-0.48218163910474837,2.7261289648427987,3.0559980391804826,19.26396646184346,0.9128936229571233,13.585250598810925,-124.83424010945888,73.51099718565834,159.71389323043957,20376.08211800002,2580.8099541579986
173.0,0.03,3.333333333333333,1.23,3600.0,0.5,7.0,470.0,2405283.0,-0.4830069794725356,2.837468271813848,3.180948376441551,19.90607035029439,0.9095768725228305,14.10657705393391,-124.5853598843775,76.26397363249887,160.8182694643927,32918.83695700004,4431.031963038994
174.0,0.03,3.333333333333333,1.23,3600.0,0.51,7.0,470.0,2405311.0,-0.48385550108102554,3.0161197355357974,3.2684636419768953,21.07073121656039,0.9200342430834466,14.723091941497346,-124.34413301127493,80.25726446757177,162.52299094327626,21056.384244999972,2656.8029620390034
175.0,0.03,3.333333333333333,1.23,3600.0,0.52,7.0,470.0,2405478.0,-0.4847388348424015,3.1148473441548408,3.4228316275576387,21.51329746275142,0.9114580844311513,15.208774604071152,-124.07815762743269,82.65771595438349,163.47612254328115,20472.09688800002,2587.1858468440037
176.0,0.03,3.333333333333333,1.23,3600.0,0.53,7.0,470.0,2405536.0,-0.48560340544207,3.340127577934994,3.4735897653842995,23.145749328100344,0.9287836386734905,15.939127341177038,-123.83315910619518,87.49964284058066,165.43420793417914,20297.70979299999,2576.358534822996
177.0,0.03,3.333333333333333,1.23,3600.0,0.54,7.0,470.0,2405643.0,-0.48658923006824495,3.4013881535378445,3.670408986107949,23.21510173427482,0.9129382526483096,16.344698043755976,-123.54461545080223,89.28303056442356,166.19604909754918,21747.343206,2742.650382876
178.0,0.03,3.333333333333333,1.23,3600.0,0.55,7.0,470.0,2405563.0,-0.4875862290709357,3.5973379843150477,3.7518761313038125,24.62180804316298,0.923454690110918,17.025942585430464,-123.26566589279587,93.68735001685887,167.95605116544243,20431.758347,2578.744103588001
179.0,0.03,3.333333333333333,1.23,3600.0,0.56,7.0,470.0,2405839.0,-0.4886196936622281,3.6895233917205412,3.929088867951485,24.92174502115526,0.9114522730259254,17.48659333206851,-122.96507915378533,95.86277442587985,168.80090296676943,20692.394400000016,2619.3760805330003
180.0,0.03,3.333333333333333,1.23,3600.0,0.5700000000000001,7.0,470.0,2405646.0,-0.48974073724997685,3.649992367451902,4.210472572288903,24.042799361184297,0.8801560643658085,17.734657218746513,-122.62381250293923,95.90679997054247,168.89269095381005,31665.603989000054,4277.059012939998
181.0,0.03,3.333333333333333,1.23,3600.0,0.58,7.0,470.0,2405842.0,-0.4909175198333688,3.7004305582260524,4.424880669022713,23.9069002809909,0.8627168220326835,18.163336584024112,-122.2838025323826,97.33392973480744,169.42218417492626,21997.449889,2777.5751641569977
182.0,0.03,3.333333333333333,1.23,3600.0,0.59,7.0,470.0,2405702.0,-0.49213487098804665,3.765815740223801,4.629554300374636,23.890382211018682,0.8459517835262822,18.602406671608595,-121.92491127276878,98.76194056533387,169.79869291487697,20808.22380699997,2623.7411763420005
183.0,0.03,3.333333333333333,1.23,3600.0,0.6,7.0,470.0,2405751.0,-0.493284759804545,3.916333461786188,4.785543424615746,24.752700508254787,0.8483013214520572,19.205922961837754,-121.54948412395484,102.42185457990803,171.31083834736842,20860.73263900002,2646.69236602
184.0,0.03,3.333333333333333,1.23,3600.0,0.61,7.0,470.0,2405915.0,-0.4945776271092229,4.010565032262944,4.985468209547725,24.95149951145891,0.8356440815237356,19.685650599157157,-121.11794141302911,104.28480091673282,171.76955897733524,21692.087927000008,2736.676851092001
185.0,0.03,3.333333333333333,1.23,3600.0,0.62,7.0,470.0,2405990.0,-0.49588385934890955,4.118424647236414,5.173943455696678,25.350659212994476,0.8270705002983821,20.225657216526393,-120.61092570638749,106.62668458971434,172.3689257636479,21643.162961999984,2733.173359717001
186.0,0.03,3.333333333333333,1.23,3600.0,0.63,7.0,470.0,2406108.0,-0.4972104440613666,4.247827640669348,5.3554939199031715,25.917768168658473,0.825005631441412,20.80947410491791,-119.92586260286903,109.81913111937305,173.4144298880932,31356.775839999984,4244.322363041998
187.0,0.03,3.333333333333333,1.23,3600.0,0.64,7.0,470.0,2406234.0,-0.49856052542839235,4.402471450574688,5.5256318511544835,26.590483659724146,0.8317611140293506,21.408982064441716,-118.79871739229404,114.26113968133231,175.13228804773132,21163.43203400002,2688.6198508770003
188.0,0.03,3.333333333333333,1.23,3600.0,0.65,7.0,470.0,2406356.0,-0.5000773864283292,4.520326963336578,5.727474485521682,26.827896670352164,0.8315595943581104,21.975217361026598,-116.9601411869391,117.83114184713207,175.74036755383412,21218.666941000007,2679.8833773790025
189.0,0.03,3.333333333333333,1.23,3600.0,0.66,7.0,470.0,2406508.0,-0.5015475692644186,4.712988355063459,5.876189043499757,27.669888226223748,0.853847581725702,22.64694249862028,-114.45940628591177,124.74071376228754,178.2941119247921,20311.03672799999,2564.905817742996
190.0,0.03,3.333333333333333,1.23,3600.0,0.67,7.0,470.0,2406649.0,-0.5032848286620419,4.754090795430078,6.095562809050845,27.45713228313534,0.8475874908467528,23.203325187865723,-111.55688075293328,127.60689889851605,177.65366857596734,21857.817179,2773.7724549090008
191.0,0.03,3.333333333333333,1.23,3600.0,0.6799999999999999,7.0,470.0,2406743.0,-0.5049911128765773,4.86787376522975,6.245291657278058,27.739011504844783,0.8555343879963333,23.823606520078755,-108.62584961857476,132.6768880146834,178.62695418582683,31594.727371999994,4271.271700783005
192.0,0.03,3.333333333333333,1.23,3600.0,0.69,7.0,470.0,2406924.0,-0.5066034194244587,5.10265208925048,6.381092623065312,28.37388271532262,0.8769366577529292,24.38940823206436,-105.46950555347198,140.0252649326417,181.24773482641092,20325.48256600001,2566.3806426250017
193.0,0.03,3.333333333333333,1.23,3600.0,0.7,7.0,470.0,2407140.0,-0.5083971651162298,5.262616066730413,6.462228082262802,28.817140930688353,0.8900549564698456,25.006902570040957,-102.07178515200604,146.2691972589864,182.79209476126994,20470.495810000026,2582.063877019
194.0,0.03,3.333333333333333,1.23,3600.0,0.71,7.0,470.0,2407242.0,-0.5103222761541673,5.311235189447172,6.607072830462501,28.685561257691617,0.8896609479077331,25.578059025873372,-98.41020774301506,150.41156204134904,182.63984148088943,20703.393417999992,2621.6702071580007
195.0,0.03,3.333333333333333,1.23,3600.0,0.72,7.0,470.0,2407513.0,-0.5121917335840552,5.489970746557264,6.628001972462494,29.13543025792741,0.9038934760778379,26.170012418718702,-94.60657161720161,157.1528374350499,184.33599365658563,21238.77844199998,2681.179337074998
196.0,0.03,3.333333333333333,1.23,3600.0,0.73,7.0,470.0,2407733.0,-0.5141589595269924,5.61367767268156,6.613262477211587,29.42122295057424,0.9144686502115543,26.80585416732316,-90.56236647313023,163.43856858106037,185.54691778640006,20593.168666000016,2598.2461692490033
197.0,0.03,3.333333333333333,1.23,3600.0,0.74,7.0,470.0,2408032.0,-0.5161786694755697,5.7417996434403,6.591789619974005,29.647888017463956,0.9242328562108646,27.43760918019056,-86.3305238195109,169.74025203000218,186.65168938844425,31496.357716,4258.249636714
198.0,0.03,3.333333333333333,1.23,3600.0,0.75,7.0,470.0,2408297.0,-0.5182504636988402,5.905199465255089,6.5130688153403895,29.929469471822827,0.935731307341203,28.05284498742036,-81.8233781573648,176.52803275330928,187.95082817083534,20767.254907,2638.2647948439985
199.0,0.03,5.0,1.23,3600.0,0.1,7.0,470.0,2402654.0,-0.4639674499335009,0.12745185012813065,0.14738926675349884,1.2053495628202229,0.9972774065912675,0.7436010168894776,-129.92398034260515,3.3446908992222557,131.04487954523609,19715.405433999982,2490.382742249999
200.0,0.03,5.0,1.23,3600.0,0.11,7.0,470.0,2402654.0,-0.4641242688392973,0.16174020964142888,0.17684194313746426,1.3861338543281985,0.9879039774275435,0.8758305734395286,-129.88095845755532,4.009037376171598,131.2894492531803,19998.882619999997,2524.3681933349967
201.0,0.03,5.0,1.23,3600.0,0.12,7.0,470.0,2402654.0,-0.46429599942087946,0.19909063989428583,0.208835385623176,1.5818937182783293,0.9823287182774317,1.022492457975237,-129.83391238854682,4.744160018655605,131.5657602054314,20615.44321099999,2610.422657068996
202.0,0.03,5.0,1.23,3600.0,0.13,7.0,470.0,2402654.0,-0.46448248228355793,0.23655718990371463,0.2436086363872433,1.7913982280457443,0.9764087687897798,1.181838844279655,-129.78282496374595,5.5342450769667675,131.86366714209638,32192.721612999987,4393.220241146998
203.0,0.03,5.0,1.23,3600.0,0.14,7.0,470.0,2402654.0,-0.46468304167777946,0.2779893548470003,0.28087622130383094,2.0179226946017055,0.9743183590325353,1.3535576539241125,-129.7283339319544,6.404673058253531,132.2026610655313,20047.440015000015,2532.712838846999
204.0,0.03,5.0,1.23,3600.0,0.15,7.0,470.0,2402654.0,-0.4649018632173046,0.321690382602122,0.3208350880278565,2.257163045766336,0.9693184740918632,1.534454738033682,-129.66987726584728,7.314573348264705,132.550307359682,20054.675614,2529.765461338
205.0,0.03,5.0,1.23,3600.0,0.16,7.0,470.0,2402654.0,-0.46513172532713215,0.3695137413671953,0.3630124130912632,2.512441383927083,0.9674014486082331,1.7243806361584586,-129.607780546709,8.305899838827376,132.94433221099237,20426.22366900002,2592.305565508
206.0,0.03,5.0,1.23,3600.0,0.17,7.0,470.0,2402677.0,-0.4653935521483991,0.42080434453997884,0.407478411820688,2.786764617195376,0.9698714842241785,1.9259519854180769,-129.54189381647188,9.400522944087493,133.4014174015853,20428.659825999992,2576.8396501289953
207.0,0.03,5.0,1.23,3600.0,0.18,7.0,470.0,2402677.0,-0.46565637866482845,0.4769896614700209,0.45347932327451446,3.09339508973711,0.9751704119906445,2.145527498474801,-129.47253554367714,10.596574795794808,133.8997187665155,20305.326622000008,2560.3302325099967
208.0,0.03,5.0,1.23,3600.0,0.19,7.0,470.0,2402677.0,-0.4659254305283844,0.5346342099379277,0.502788372264074,3.3928556015619726,0.9698600612870252,2.371073015695435,-129.3987206805877,11.742383755802713,134.339753236931,20473.029434999964,2592.4674546420015
209.0,0.03,5.0,1.23,3600.0,0.2,7.0,470.0,2402677.0,-0.4662288858922717,0.5952046185942538,0.5548510804857826,3.7045665056303534,0.9667422307704899,2.6032154682890876,-129.32095169971876,12.969125419993127,134.83223944671244,30104.57553400002,4065.8940251309978
210.0,0.03,5.0,1.23,3600.0,0.21,7.0,470.0,2402677.0,-0.4665452369081752,0.6612831960120167,0.608634133030793,4.036461583122826,0.9643446935295994,2.845442930076355,-129.23917528426756,14.26300009804101,135.3503535400666,20521.354078999997,2593.1510448709982
211.0,0.03,5.0,1.23,3600.0,0.22,7.0,470.0,2402677.0,-0.4668983615154922,0.7282928214421411,0.666485906123921,4.365970210949941,0.9604052509853601,3.0914361981119876,-129.1531747969375,15.589776478065293,135.8907661383748,20310.140823000005,2561.201300735998
212.0,0.03,5.0,1.23,3600.0,0.23,7.0,470.0,2402688.0,-0.4671932395834894,0.7999100312374597,0.7262575447231691,4.716108468351459,0.9526280509897538,3.3605987828409845,-129.06316365443166,16.901258517942328,136.3615473452209,20139.124970000015,2553.6492625829997
213.0,0.03,5.0,1.23,3600.0,0.24,7.0,470.0,2402688.0,-0.4676287831225532,0.8729887574247138,0.789279923637725,5.055092442913853,0.9483888876848398,3.613936959027117,-128.968473515417,18.320989947159276,136.95816537957288,20096.736753999998,2542.6631284260025
214.0,0.03,5.0,1.23,3600.0,0.25,7.0,470.0,2402705.0,-0.4679712540034075,0.9530524663246117,0.8526404867168531,5.450415122446089,0.9477029437505187,3.903859884998643,-128.8704520590789,19.865168766100357,137.575652864693,20110.458404999994,2540.2507358990015
215.0,0.03,5.0,1.23,3600.0,0.26,7.0,470.0,2402705.0,-0.4683701110010754,1.0357648112008548,0.920882468952806,5.821145771558622,0.9420738048295585,4.188143756614947,-128.76714966018542,21.358543606606474,138.15975645846467,20876.937668999974,2663.2350887420007
216.0,0.03,5.0,1.23,3600.0,0.27,7.0,470.0,2402705.0,-0.46881914287814586,1.1258737341333116,0.9875545422932003,6.253585823290919,0.9445423165688795,4.485246491941685,-128.66036929473532,23.093456834286492,138.90156553736273,19936.095103000018,2516.664688525998
217.0,0.03,5.0,1.23,3600.0,0.28,7.0,470.0,2402705.0,-0.469267514648192,1.215175351341302,1.0597221378370905,6.655956453217407,0.9408800308878149,4.790959911843405,-128.54813533258204,24.739466023649925,139.56578750199273,20121.717078999987,2546.513882012996
218.0,0.03,5.0,1.23,3600.0,0.29,7.0,470.0,2402705.0,-0.4697178456131976,1.3079856293718692,1.1360487468406144,7.067830938274091,0.9369596886361211,5.103380633883223,-128.43084813162955,26.42755020215668,140.2431523854164,31079.753714000024,4214.8711531940025
219.0,0.03,5.0,1.23,3600.0,0.3,7.0,470.0,2402769.0,-0.47012866422572686,1.42453804928806,1.2012157890331772,7.6577522585357425,0.9476640315437665,5.4611483053386785,-128.3120974993356,28.60466710792177,141.17211020506176,20109.807668999983,2537.6130067360023
220.0,0.03,5.0,1.23,3600.0,0.31,7.0,470.0,2402769.0,-0.47069954943528547,1.5009471604541578,1.2949120800423892,7.892744150742985,0.9245197574284076,5.747730971062751,-128.18078644945788,29.797482964485404,141.541935051641,20447.419431000006,2581.3940640460014
221.0,0.03,5.0,1.23,3600.0,0.32,7.0,470.0,2402881.0,-0.4710606976794786,1.6193836231027723,1.3698458288383855,8.455434724002993,0.930808745325854,6.128748412169317,-128.0500980230908,31.966891175959123,142.4435766109365,20404.588328,2587.227289237999
222.0,0.03,5.0,1.23,3600.0,0.33,7.0,470.0,2402833.0,-0.4716818383201182,1.717435445661179,1.4598482292763981,8.829619623162761,0.9211836662475228,6.446982160433465,-127.90947823968636,33.6445023951568,143.10009517630934,30169.22018400001,4079.4533180259896
223.0,0.03,5.0,1.23,3600.0,0.34,7.0,470.0,2402865.0,-0.47226835711443593,1.845861576960906,1.5378741095962758,9.433123032887309,0.9276546019367675,6.8205080823876925,-127.76679945392833,35.965335661644275,144.09476831374042,20364.322300999997,2569.808970979001
224.0,0.03,5.0,1.23,3600.0,0.35,7.0,470.0,2402985.0,-0.4726581734332872,1.9759023002627778,1.6195121681336417,10.010206760546941,0.9296947361664882,7.223891305777458,-127.61678007801419,38.19587256002896,144.9831401033223,20346.728267999995,2568.644037424999
225.0,0.03,5.0,1.23,3600.0,0.36,7.0,470.0,2402969.0,-0.47331095263787953,2.097295088848161,1.7121832406724788,10.503359487099866,0.9274929657290787,7.58678654642619,-127.45810600543732,40.31397369351696,145.87245533590755,20681.34193899999,2622.836723446004
226.0,0.03,5.0,1.23,3600.0,0.37,7.0,470.0,2402993.0,-0.4739590002121391,2.2348124379817533,1.8018753356958879,11.088110337562716,0.9291795704594927,7.9756884884542485,-127.29423386246333,42.662185565857946,146.8559328286267,20424.13654700001,2576.497166798996
227.0,0.03,5.0,1.23,3600.0,0.38,7.0,470.0,2403057.0,-0.4745244926252004,2.3425383468150143,1.911396679709417,11.434275447618894,0.9164020341953697,8.349615690449635,-127.11842525483077,44.380606191126276,147.46120528136407,20389.382135000007,2572.9266599380026
228.0,0.03,5.0,1.23,3600.0,0.39,7.0,470.0,2403073.0,-0.47503561943704853,2.5008134485509093,1.9980941408291102,12.12304581266482,0.9212085767796327,8.789700858912921,-126.94199861110121,46.99235200373812,148.5226963538815,20472.598646000002,2588.073424279002
229.0,0.03,5.0,1.23,3600.0,0.4,7.0,470.0,2403124.0,-0.4757358534235313,2.6390976508872925,2.101889380203782,12.660149946283992,0.9187446950318829,9.194630015773681,-126.75594549993825,49.30089862455006,149.46107713133958,31521.042028000003,4277.374755482001
230.0,0.03,5.0,1.23,3600.0,0.41,7.0,470.0,2403183.0,-0.4763972771054022,2.835668346489712,2.1845709220745104,13.546994598329025,0.9310598754383556,9.66518247564342,-126.57039702325596,52.491057710161186,150.82903839088053,20195.913245999996,2548.865810635
231.0,0.03,5.0,1.23,3600.0,0.42,7.0,470.0,2403237.0,-0.4770446870642374,2.922165043844524,2.314728036899383,13.73464525846737,0.9131027701905289,10.049709920439497,-126.36333905371791,54.020455499501566,151.3625462935687,21245.46010800004,2687.1610065179993
232.0,0.03,5.0,1.23,3600.0,0.43,7.0,470.0,2403326.0,-0.4778094432200795,3.1212057517801957,2.4105308822957654,14.575844245236546,0.9227959520030768,10.522798524010682,-126.16282822020038,57.22457490115508,152.75702371803231,20464.102841999997,2595.5370173150013
233.0,0.03,5.0,1.23,3600.0,0.4400000000000001,7.0,470.0,2403434.0,-0.47845714963439945,3.322418503573604,2.5063557848484637,15.449399327718773,0.9274869398603446,11.028893216817078,-125.9559355355757,60.22172021201494,153.87058891463275,29097.710065000014,3895.7879509140025
234.0,0.03,5.0,1.23,3600.0,0.4500000000000001,7.0,470.0,2403425.0,-0.4792100562182225,3.418107876383843,2.6504072926258857,15.626791521023389,0.9122345020459545,11.426302685756523,-125.72813076612212,61.95430960446973,154.5608309948022,21190.826568000033,2675.421812515999
235.0,0.03,5.0,1.23,3600.0,0.46,7.0,470.0,2403467.0,-0.47990146458141536,3.603339168909503,2.761424538172115,16.361374242995307,0.9131349055409154,11.929839364238699,-125.50532922811067,64.80232902765897,155.651680941454,21316.016992000023,2692.0727629470007
236.0,0.03,5.0,1.23,3600.0,0.47,7.0,470.0,2403530.0,-0.48068037267187463,3.7643843990829646,2.8907466993278153,16.905001058442643,0.9092785776209555,12.400623205244163,-125.27232924665618,67.364741997225,156.67631588178355,21334.849930999986,2709.1268132179976
237.0,0.03,5.0,1.23,3600.0,0.48,7.0,470.0,2403740.0,-0.48142513998840925,4.009985086800051,2.9902863534616198,17.960984607682267,0.9174328272002936,12.98055037356597,-125.04392789642436,70.89192133139417,157.99404280630864,20527.176253999995,2592.8963682259987
238.0,0.03,5.0,1.23,3600.0,0.49,7.0,470.0,2403728.0,-0.4822331743429743,4.2383481254549515,3.090870078783979,18.876216084239825,0.9234524416328929,13.528263027460731,-124.80704020868235,74.36124881458758,159.43459170733044,20531.739116000008,2599.154685419
239.0,0.03,5.0,1.23,3600.0,0.5,7.0,470.0,2403721.0,-0.48314910296214847,4.455026901875569,3.2094955399893244,19.712023215831366,0.927215838462303,14.060359914171034,-124.56230632607145,77.74292244259925,160.86832319680343,21291.753160999968,2706.7089338359992
240.0,0.03,5.0,1.23,3600.0,0.51,7.0,470.0,2403943.0,-0.4838761507129205,4.751757368205522,3.2804563910334013,20.988681887775417,0.9373297541654384,14.713553816385838,-124.32132720264208,81.7660022318936,162.35287997113548,30346.393457,4100.374111621001
241.0,0.03,5.0,1.23,3600.0,0.52,7.0,470.0,2403844.0,-0.48484992289660195,4.901246707802297,3.437836028061783,21.403428308329644,0.9311249026416251,15.185042383966831,-124.0550678220517,84.44124752992752,163.5687619238187,21485.714860999997,2710.706803781005
242.0,0.03,5.0,1.23,3600.0,0.53,7.0,470.0,2403986.0,-0.4857715163688416,5.078692113326153,3.5819069615082926,21.996016983329774,0.9265785758730531,15.699147097590036,-123.78497237684428,87.29190639966438,164.7211156207544,20607.288447,2604.4889834599994
243.0,0.03,5.0,1.23,3600.0,0.54,7.0,470.0,2404064.0,-0.48672800255312215,5.328956066493427,3.697575376344292,22.958221259560688,0.929324912797293,16.28535342100715,-123.51467010123851,90.88560409520329,166.13016807303623,21028.68486200001,2668.9379912660033
244.0,0.03,5.0,1.23,3600.0,0.55,7.0,470.0,2404041.0,-0.48772130381757334,5.463342718595962,3.8666498560023035,23.33362964810574,0.9213311603694943,16.753981281758165,-123.21854073201987,93.4719113209635,167.27284854852118,29152.304273000012,3912.1656501280063
245.0,0.03,5.0,1.23,3600.0,0.56,7.0,470.0,2404175.0,-0.4887609326785871,5.44976640547054,4.123587841555156,22.648481529470775,0.8901802564276049,17.082377943390696,-122.89542639340264,93.62547183846249,167.216684511978,22850.80438600002,2885.256969732
246.0,0.03,5.0,1.23,3600.0,0.5700000000000001,7.0,470.0,2404232.0,-0.48983395563503723,5.616693247927815,4.291974244328658,23.107195165012982,0.8842224204183655,17.59875149238469,-122.5812577391654,96.34989320403913,168.3165367935504,22642.843173999976,2866.7198098529993
247.0,0.03,5.0,1.23,3600.0,0.58,7.0,470.0,2404378.0,-0.4909941069910945,5.732784822769176,4.489821215224413,23.162182234144616,0.8656711924409118,18.054858953780943,-122.24340725165446,97.66724939936151,168.47100942509678,22918.037313999972,2917.398203736005
248.0,0.03,5.0,1.23,3600.0,0.59,7.0,470.0,2404355.0,-0.4921266126807798,5.920264674199927,4.66287861146494,23.672840492172934,0.8597948724601572,18.588894434114785,-121.89277131444103,100.378073249432,169.4259663519205,22026.70357400001,2782.031112339006
249.0,0.03,5.0,1.23,3600.0,0.6,7.0,470.0,2404481.0,-0.4933168813412056,6.118540026328277,4.839397650343523,24.266116545262538,0.8584570007007627,19.13875833702368,-121.51356598889558,103.64802678648981,170.79878021642736,20872.299949999993,2636.069340635002
250.0,0.03,5.0,1.23,3600.0,0.61,7.0,470.0,2404548.0,-0.49458044665543804,6.281825040490026,5.032654711222244,24.615869780204115,0.8456507624459295,19.649324617712587,-121.08359626826346,105.53359182051732,171.03751393915178,21855.148521999996,2771.6617067349966
251.0,0.03,5.0,1.23,3600.0,0.62,7.0,470.0,2404566.0,-0.4957702549238305,6.544458437955331,5.183862780346925,25.549874644037363,0.8536526421681776,20.292234921280844,-120.58405385019624,110.0536786075727,173.06730167414852,31032.358999999953,4190.053332648994
252.0,0.03,5.0,1.23,3600.0,0.63,7.0,470.0,2405040.0,-0.49704492054154464,6.7960375515062275,5.3369352687479,26.371720674953647,0.8576169528250115,20.90898619810333,-119.90277338965888,114.16012812898666,174.64922182533442,21684.598975999983,2736.143972135003
253.0,0.03,5.0,1.23,3600.0,0.64,7.0,470.0,2404817.0,-0.4985688376896289,6.881047114751704,5.578569560813891,26.24982735008464,0.8406219960922223,21.395788875225367,-118.76494629636406,115.47838158650018,174.13809498198864,21065.095315000028,2656.2379099529967
254.0,0.03,5.0,1.23,3600.0,0.65,7.0,470.0,2404918.0,-0.4999159222847493,7.204411531882745,5.727637000513656,27.15594539095068,0.8617076759066706,22.05241412396091,-116.96477459261739,122.10309408900284,176.9274606343123,20794.835292999996,2632.25928687
255.0,0.03,5.0,1.23,3600.0,0.66,7.0,470.0,2405108.0,-0.5015498143237421,7.348493510241659,5.967777587842034,27.143419532371674,0.8618982111324348,22.58405033843139,-114.33238023888205,125.9168502062204,177.2054894762157,30392.322376000004,4077.6693722850027
256.0,0.03,5.0,1.23,3600.0,0.67,7.0,470.0,2405199.0,-0.5031195336262408,7.649335156831029,6.109833127772705,27.774598890134502,0.8789598167753596,23.220655973442405,-111.60973998300086,132.33009888225303,179.18541571707323,21047.480091000012,2655.901718377998
257.0,0.03,5.0,1.23,3600.0,0.6799999999999999,7.0,470.0,2405399.0,-0.5049246580570782,7.678902554025538,6.343437952717535,27.669244146994085,0.8735023479053556,23.809877599634746,-108.5665265938883,135.46337215623245,178.52843649674887,21745.747914999985,2746.9539892580033
258.0,0.03,5.0,1.23,3600.0,0.69,7.0,470.0,2405536.0,-0.5065736706280036,8.024875749373207,6.43721110821558,28.059995731163568,0.8881618260903497,24.326774668555814,-105.41522363206734,141.8176488596501,180.38401523440925,20878.73933800001,2648.2609145169977
259.0,0.03,5.0,1.23,3600.0,0.7,7.0,470.0,2405664.0,-0.5082934472315221,8.380152281074219,6.492132675272785,28.90142851081471,0.9124091206552986,25.026800472813306,-102.08465947524567,149.94281946291215,183.22696499818278,20814.557702000006,2629.8994398990017
260.0,0.03,5.0,1.23,3600.0,0.71,7.0,470.0,2405789.0,-0.510132255938996,8.638841258865606,6.504993583375564,29.508060728277318,0.9281572947968435,25.717811166145378,-98.50978213259415,156.9199916651221,185.06006706105242,21490.25742400002,2715.982730912004
261.0,0.03,5.0,1.23,3600.0,0.72,7.0,470.0,2405978.0,-0.5121055554661896,8.646718087307613,6.698901658993389,28.99909936863066,0.9199810621369378,26.168561032115072,-94.56379019433487,159.94985927841847,184.00036932570663,22034.18149100003,2803.108892439003
262.0,0.03,5.0,1.23,3600.0,0.73,7.0,470.0,2406186.0,-0.5140541199252099,8.98079696313194,6.583226554658991,29.561895552907423,0.9370003241167346,26.800445475459554,-90.62024234816239,167.46554591915276,186.15942372115722,30083.248155000012,4054.2423222589982
263.0,0.03,5.0,1.23,3600.0,0.74,7.0,470.0,2406442.0,-0.516122866035413,9.022190794598716,6.648663278264051,29.54064937469763,0.9403578290960696,27.45401432122876,-86.2473900933715,172.7016885804543,186.28356090503658,20675.237979000038,2610.8355484290014
264.0,0.03,5.0,1.23,3600.0,0.75,7.0,470.0,2406787.0,-0.5181470801854065,9.394896176637001,6.490162880718128,29.955594110653383,0.9551108338690277,28.01989144354959,-81.88764163280855,180.18402851492164,188.21112553617212,20991.56296299998,2654.201804095001
265.0,0.03,6.666666666666667,1.23,3600.0,0.1,7.0,470.0,2405227.0,-0.4639679122984474,0.1633427980102045,0.14702642167658675,1.205547476703241,1.007846321886358,0.7327381634449774,-129.92464300882398,3.3801371597797827,131.0561253087688,20510.004745999977,2606.653012344003
266.0,0.03,6.666666666666667,1.23,3600.0,0.11,7.0,470.0,2405227.0,-0.46412332851165683,0.20142194385189316,0.17638814759461627,1.3861760325029742,1.0015523149272083,0.8713248223381163,-129.88147878600824,4.064424029539655,131.31059186926026,29377.284814,3965.1385446199997
267.0,0.03,6.666666666666667,1.23,3600.0,0.12,7.0,470.0,2405227.0,-0.46429260063631284,0.24329547075998928,0.2084520207129027,1.5833497531340073,0.9970221199506921,1.0217753360781012,-129.83418803481715,4.815121853995781,131.5924373081279,20536.059212999997,2594.5300405749977
268.0,0.03,6.666666666666667,1.23,3600.0,0.13,7.0,470.0,2405227.0,-0.4644780676561183,0.28795759964841916,0.24321371807631187,1.7930223908154188,0.989803536816916,1.1825832511148322,-129.78322461567294,5.610166075815613,131.8866137318336,20210.33562400003,2557.901658525001
269.0,0.03,6.666666666666667,1.23,3600.0,0.14,7.0,470.0,2405227.0,-0.4646769931308509,0.33803236815176463,0.28016381413888775,2.0258360775157787,0.9909345674706662,1.3570721946104427,-129.72884060602755,6.513899556479116,132.24163570808977,20476.60580599998,2597.422775414002
270.0,0.03,6.666666666666667,1.23,3600.0,0.15,7.0,470.0,2405227.0,-0.46488936979739404,0.39226036425548155,0.3193162854671447,2.2784468045910726,0.9924065169104233,1.5432877068068527,-129.67073875575528,7.488798009382872,132.62622560401763,19995.705510999986,2520.4528630189934
271.0,0.03,6.666666666666667,1.23,3600.0,0.16,7.0,470.0,2405227.0,-0.4651551026811899,0.4461417691078441,0.36293446807935903,2.500451162629518,0.9746814310450522,1.716801587428494,-129.60799515952328,8.368404195251108,132.9500703675292,20324.215034999976,2567.5753250380008
272.0,0.03,6.666666666666667,1.23,3600.0,0.17,7.0,470.0,2405227.0,-0.4653886853451468,0.5084884150515776,0.40704385373181406,2.778698133776256,0.9766470514933467,1.9273546739974903,-129.54233621545944,9.466195434318482,133.3869465732208,20374.77898700001,2580.755283988002
273.0,0.03,6.666666666666667,1.23,3600.0,0.18,7.0,470.0,2405227.0,-0.46567351372969557,0.5737455536343814,0.4540674056123743,3.0614543830186007,0.9752983955197804,2.1359100639875375,-129.4725793172633,10.597965513788726,133.84536742479912,30249.471153000013,4079.581085128004
274.0,0.03,6.666666666666667,1.23,3600.0,0.19,7.0,470.0,2405239.0,-0.46596373453713985,0.6438489617498802,0.5035363624423773,3.362385037857876,0.9739391687687468,2.3595464538664612,-129.39884880471786,11.791770721349012,134.32130271015026,20078.55055400002,2531.267795611
275.0,0.03,6.666666666666667,1.23,3600.0,0.2,7.0,470.0,2405239.0,-0.46623228383577625,0.7174714863263091,0.5556126837748833,3.674334865618682,0.9687915739789186,2.6004621686457803,-129.32119669538685,12.996617949286598,134.76993344030782,20250.193851999997,2555.39500126
276.0,0.03,6.666666666666667,1.23,3600.0,0.21,7.0,470.0,2405239.0,-0.46654888120359167,0.7991044594385275,0.6084597370554162,4.032527770611335,0.9747235830507469,2.849528906350944,-129.24014841932328,14.416507555748726,135.36703510161584,20253.150831,2564.346902986001
277.0,0.03,6.666666666666667,1.23,3600.0,0.22,7.0,470.0,2405239.0,-0.4668683927555499,0.8827037419632655,0.6651072970703514,4.380804696630578,0.9717992211320468,3.1056978582848442,-129.1546050570237,15.77472907760843,135.89502054068305,27018.804207999965,3611.507323172001
278.0,0.03,6.666666666666667,1.23,3600.0,0.23,7.0,470.0,2405239.0,-0.4671855112626537,0.9712816205347318,0.7239604031758775,4.7451229697374195,0.9677762015819421,3.371587088747818,-129.06488772924035,17.170012738397304,136.42294838544186,20021.96966,2528.201270081003
279.0,0.03,6.666666666666667,1.23,3600.0,0.24,7.0,470.0,2405250.0,-0.4675596247868902,1.0642763778139304,0.7849092777713482,5.121453490532214,0.967681896563201,3.6452655196737718,-128.97111412136874,18.69369256556912,137.0489020211466,19949.54507500002,2521.759871086001
280.0,0.03,6.666666666666667,1.23,3600.0,0.25,7.0,470.0,2405250.0,-0.46794665695474014,1.164875217261329,0.8465531250475161,5.534763462054152,0.9703270307520446,3.9298686228804307,-128.8735577737222,20.339401023610932,137.7368983700897,20055.934274999974,2547.7049555749963
281.0,0.03,6.666666666666667,1.23,3600.0,0.26,7.0,470.0,2405250.0,-0.46835289564587007,1.266706088695727,0.9127260781370145,5.931090058174754,0.9676142146844572,4.218640119217353,-128.7709648711057,21.93759161199616,138.37939413887702,19905.269968000026,2513.945809668999
282.0,0.03,6.666666666666667,1.23,3600.0,0.27,7.0,470.0,2405250.0,-0.46875004113708996,1.373465955409421,0.9801178619396258,6.356513081431216,0.9667656942315489,4.525936346333597,-128.664174064585,23.636804235204636,139.06494505467577,20547.819301999953,2598.668281644001
283.0,0.03,6.666666666666667,1.23,3600.0,0.28,7.0,470.0,2405250.0,-0.4691587624534012,1.4849377696050072,1.0512646898526719,6.780351067381591,0.9631702545865044,4.837006865740616,-128.55235226583702,25.325564371738935,139.72435624499607,20326.80191999999,2583.838532309999
284.0,0.03,6.666666666666667,1.23,3600.0,0.29,7.0,470.0,2405298.0,-0.4696503193283953,1.5994143317444738,1.124406230401584,7.204268535483984,0.9608665375256121,5.1438130202743935,-128.4356320304835,27.101858240021226,140.4655881526003,30768.858457,4180.917799757995
285.0,0.03,6.666666666666667,1.23,3600.0,0.3,7.0,470.0,2405362.0,-0.47011205744507145,1.7167942818890736,1.2022124127959044,7.623883282907587,0.9550447047065694,5.4687619306145345,-128.31360386039262,28.827448274903972,141.12940022708946,20018.097094999994,2528.1529822359994
286.0,0.03,6.666666666666667,1.23,3600.0,0.31,7.0,470.0,2405362.0,-0.47059782229366526,1.840658630384941,1.2817832609107103,8.070944978705976,0.9517867335168095,5.802174854241224,-128.1865283127338,30.67630383224834,141.86727042073926,20244.094836,2559.0204367489973
287.0,0.03,6.666666666666667,1.23,3600.0,0.32,7.0,470.0,2405418.0,-0.4710728046172125,1.9724763821981581,1.3606523545347033,8.57305970972497,0.9516346478388025,6.1564128861134915,-128.05479639506004,32.682117974821516,142.67431303731024,20233.653457000004,2569.358200741
288.0,0.03,6.666666666666667,1.23,3600.0,0.33,7.0,470.0,2405378.0,-0.4714776545032798,2.1040771266387415,1.4450520199959613,9.034686763680154,0.9442915320150662,6.521278539027677,-127.91599707033446,34.48847376986653,143.29937639085844,28036.240028000007,3763.673455908999
289.0,0.03,6.666666666666667,1.23,3600.0,0.34,7.0,470.0,2405506.0,-0.47211694327501585,2.2550448254744095,1.5214217652143502,9.628374030490225,0.9520562426002255,6.883702157972547,-127.77367735290764,36.911391656325705,144.3965262300818,20370.551044000018,2572.369563171001
290.0,0.03,6.666666666666667,1.23,3600.0,0.35,7.0,470.0,2405545.0,-0.4726038244171825,2.4166633357773346,1.6001324817118177,10.26032574630123,0.9544954225874787,7.284547009262634,-127.62508645441551,39.214791804256805,145.27820968561932,20222.414036,2557.139079585
291.0,0.03,6.666666666666667,1.23,3600.0,0.36,7.0,470.0,2405570.0,-0.47319054599932414,2.5612249227149166,1.6909714411563272,10.747642197981746,0.9506030836689944,7.657482274589249,-127.46668353450062,41.318467227278134,146.1278299253365,20900.115023000013,2651.009151513002
292.0,0.03,6.666666666666667,1.23,3600.0,0.37,7.0,470.0,2405594.0,-0.4738025543968696,2.697776658877696,1.7933112134753433,11.14453968725173,0.9417283515577984,8.017613309049489,-127.29874484410516,43.23834806970697,146.88385204515788,20816.700360000003,2629.0814428049994
293.0,0.03,6.666666666666667,1.23,3600.0,0.38,7.0,470.0,2405606.0,-0.4743254001669911,2.8632181352319463,1.888049111596768,11.710658412814581,0.9390650470610492,8.43822072730261,-127.12765604336379,45.478157496737765,147.70566715315564,20813.910249999994,2630.0617272349973
294.0,0.03,6.666666666666667,1.23,3600.0,0.39,7.0,470.0,2405674.0,-0.4750325863662178,3.057974016136726,1.9668663540200557,12.460467719693392,0.9485755382626042,8.850865931699714,-126.95369781697008,48.38838534482603,149.00590914024622,21070.619710999978,2672.9584728689997
295.0,0.03,6.666666666666667,1.23,3600.0,0.4,7.0,470.0,2405732.0,-0.4756623623567686,3.2307947804854407,2.06787101437043,13.036241657113782,0.94662643567706,9.271401418902508,-126.7685320025076,50.79706494415652,149.959288075792,30599.30772199997,4132.924762761003
296.0,0.03,6.666666666666667,1.23,3600.0,0.41,7.0,470.0,2405716.0,-0.47637085354473324,3.376528903260248,2.1869791002525063,13.406558155627483,0.9363406110141999,9.666029020105885,-126.57248598339274,52.78877368222285,150.72516448636947,21388.42531199999,2700.744057009999
297.0,0.03,6.666666666666667,1.23,3600.0,0.42,7.0,470.0,2405781.0,-0.4770122817280067,3.5944597176915076,2.2686800171487507,14.248915900144207,0.9428070208901013,10.145598833348833,-126.38013722919328,55.777801118689055,151.90028387954902,21976.354785999967,2778.3208810689976
298.0,0.03,6.666666666666667,1.23,3600.0,0.43,7.0,470.0,2405845.0,-0.477771986460628,3.7331323587573713,2.405228593832115,14.513572550304106,0.929681767530607,10.534096099280733,-126.16697529616849,57.65157923028695,152.63252492428114,21333.47984499998,2707.2014102089997
299.0,0.03,6.666666666666667,1.23,3600.0,0.4400000000000001,7.0,470.0,2405991.0,-0.4784022521756848,4.0328415977536345,2.452512861498885,15.861898030258738,0.9518916145182447,11.114633073392879,-125.97223398263122,61.80631555880721,154.3166639785343,29904.57659800001,4005.430090106002
300.0,0.03,6.666666666666667,1.23,3600.0,0.4500000000000001,7.0,470.0,2406048.0,-0.4790996395185795,4.221562299035682,2.5665597104232902,16.469162261376876,0.9483313243251402,11.593753327498865,-125.75474268991549,64.40582146705168,155.30952655863248,20722.978217000018,2614.789425468003
301.0,0.03,6.666666666666667,1.23,3600.0,0.46,7.0,470.0,2406122.0,-0.4798515938235107,4.426714270418297,2.6840136627053277,17.122194792564102,0.9463420746078476,12.068321675562533,-125.5299541385996,67.1589379831317,156.38764772048106,21117.05539599999,2664.569052199
302.0,0.03,6.666666666666667,1.23,3600.0,0.47,7.0,470.0,2406125.0,-0.4807081768293078,4.60581116645602,2.8206346685933634,17.594459479722243,0.9401305350682977,12.522354322763194,-125.29489115410401,69.6504377176579,157.4020692342271,22076.663303000016,2797.9047836940044
303.0,0.03,6.666666666666667,1.23,3600.0,0.48,7.0,470.0,2406228.0,-0.4813920405998142,4.8630413974736735,2.921440191216239,18.519697547883535,0.9441813060034419,13.078777265784785,-125.06461872975011,72.95883129888898,158.64049362628083,21889.985627000024,2759.8946362830034
304.0,0.03,6.666666666666667,1.23,3600.0,0.49,7.0,470.0,2406258.0,-0.4822397995502947,5.0496254030349155,3.0675784056667648,19.001924365019974,0.9381764213559678,13.552880457136197,-124.81832586137845,75.5469011236469,159.69321835416747,21560.96892299996,2723.3260633380014
305.0,0.03,6.666666666666667,1.23,3600.0,0.5,7.0,470.0,2406288.0,-0.4830738124405598,5.298316219352847,3.1635547629023013,19.893968678183676,0.9411541813051749,14.11081278186024,-124.57623289148317,78.91159047183478,161.0211709210189,22577.318955000017,2863.7718313260016
306.0,0.03,6.666666666666667,1.23,3600.0,0.51,7.0,470.0,2406417.0,-0.48389467964475297,5.516628105001319,3.3043735521118323,20.500918950047,0.9380147673833094,14.631337619642725,-124.31993185823198,81.82575792838398,162.19243155981306,33901.96010500004,4584.8114105740015
307.0,0.03,6.666666666666667,1.23,3600.0,0.52,7.0,470.0,2406669.0,-0.48477020673943455,5.767695872540978,3.426891879276924,21.31088989523383,0.9370405624603284,15.20239248565736,-124.06290350514871,84.97772302707818,163.33275639951776,22302.660532000005,2813.517425695997
308.0,0.03,6.666666666666667,1.23,3600.0,0.53,7.0,470.0,2406619.0,-0.4856953194402069,6.020353476820317,3.547942156256846,22.14318471829854,0.9380485269462384,15.747564830469361,-123.79940066038374,88.37247735345082,164.71283283198946,21465.889666000017,2710.630756881998
309.0,0.03,6.666666666666667,1.23,3600.0,0.54,7.0,470.0,2406676.0,-0.4866415207040798,6.262173893513646,3.681858282028531,22.856980264513172,0.937155615621665,16.289140493179726,-123.52465408547187,91.65142684124464,166.08592799348145,21607.486139000008,2739.6308717320007
310.0,0.03,6.666666666666667,1.23,3600.0,0.55,7.0,470.0,2406682.0,-0.4875928280246712,6.617703414892657,3.7268736732893863,24.34363795400209,0.9488308967532046,16.979526389377547,-123.2591883739574,96.26184509415445,167.85329203655013,21461.24381799999,2707.649790341998
311.0,0.03,6.666666666666667,1.23,3600.0,0.56,7.0,470.0,2407003.0,-0.4886241256768917,6.73449948381159,3.9640701303633383,24.279360479282246,0.9295512596362501,17.40362904043014,-122.94321965284377,97.76635086329716,168.3280113822536,32369.999960999972,4366.913597538005
312.0,0.03,6.666666666666667,1.23,3600.0,0.5700000000000001,7.0,470.0,2407029.0,-0.4897327538041087,6.906737366811557,4.169748674642291,24.484403799209847,0.917913011914225,17.869109969349257,-122.6213991979984,100.02101125946136,169.2124106474468,21443.684159999993,2706.621202975001
313.0,0.03,6.666666666666667,1.23,3600.0,0.58,7.0,470.0,2406937.0,-0.4908266954277492,7.066732219477165,4.372409165425224,24.63039803839231,0.906022706231806,18.341108739194468,-122.28385806534052,102.21981092095336,170.09302082380475,21349.02208400001,2705.1716947769974
314.0,0.03,6.666666666666667,1.23,3600.0,0.59,7.0,470.0,2406869.0,-0.49195150798712356,7.2817929033210556,4.548998137992952,25.122786325736826,0.9004493248393302,18.866465433972664,-121.93199713255724,105.1243397480396,171.23629407957333,20960.45915199999,2643.2922334
315.0,0.03,6.666666666666667,1.23,3600.0,0.6,7.0,470.0,2407247.0,-0.4931079126457108,7.5526801099472545,4.701472872394711,25.87546425284845,0.8987621975393487,19.440908466880252,-121.55648698430161,108.51437899533701,172.500340277568,21337.087173000007,2693.498098988997
316.0,0.03,6.666666666666667,1.23,3600.0,0.61,7.0,470.0,2406980.0,-0.4944143788283142,7.637390766963511,4.963568425821695,25.43854187557908,0.8776131417703128,19.85383024744363,-121.10918051399084,109.52235981201753,172.73820901020045,21408.093949000013,2711.9541063009983
317.0,0.03,6.666666666666667,1.23,3600.0,0.62,7.0,470.0,2407097.0,-0.49575589109272095,7.8205856724468585,5.179096019479428,25.593956217471735,0.8653537305167768,20.33944380699633,-120.59576969708574,111.56219360871516,173.22488158940655,21807.328991000013,2773.311281106997
318.0,0.03,6.666666666666667,1.23,3600.0,0.63,7.0,470.0,2407230.0,-0.497126060204581,8.057201588125066,5.372382259007331,26.011786581896114,0.8595694273991568,20.883978683129392,-119.90858870994461,114.42002824735394,174.00326784514067,20667.583259999992,2609.4385468859978
319.0,0.03,6.666666666666667,1.23,3600.0,0.64,7.0,470.0,2407328.0,-0.4983982938850369,8.398085395002894,5.5081182401265245,27.061156415390787,0.8738278358033664,21.583999404196724,-118.79645814839985,120.03995224119306,176.285050934876,20395.394920000006,2577.7515186119945
320.0,0.03,6.666666666666667,1.23,3600.0,0.65,7.0,470.0,2407442.0,-0.4999922510025619,8.545000719078564,5.754215210534166,26.78377537020302,0.8626779315120039,22.030307895856993,-116.95832920441786,122.24057831338756,176.08560832213263,21625.094989000016,2735.3925684659994
321.0,0.03,6.666666666666667,1.23,3600.0,0.66,7.0,470.0,2407614.0,-0.5014511064764938,8.925041618154783,5.8871369639685875,27.748186711548083,0.8858376442329999,22.744458009327182,-114.52010144052585,129.41422144195502,178.62949957948223,31489.504746000017,4303.631525245995
322.0,0.03,6.666666666666667,1.23,3600.0,0.67,7.0,470.0,2407763.0,-0.5031347824603931,9.149455362544828,6.076942951709136,27.772780753578807,0.8885927562114195,23.26258215426248,-111.70380641006943,133.7803674881344,179.22241267610855,20640.449850999998,2602.6888279380005
323.0,0.03,6.666666666666667,1.23,3600.0,0.6799999999999999,7.0,470.0,2407830.0,-0.5048113149126685,9.419726104465802,6.223925317343241,28.021259495283726,0.8965119239586301,23.834789194873892,-108.75112008575833,139.03171375432464,180.2831337281163,21262.20318999999,2685.0761911749996
324.0,0.03,6.666666666666667,1.23,3600.0,0.69,7.0,470.0,2408041.0,-0.5065908071030596,9.63491250168855,6.45254508365478,28.07169523790596,0.8998027546512488,24.37444074929193,-105.50937011047823,143.6764194919312,180.6521960298682,21821.767240999998,2763.430445593998
325.0,0.03,6.666666666666667,1.23,3600.0,0.7,7.0,470.0,2408172.0,-0.5083595829775961,9.866318166933327,6.537089214860018,28.358137316843578,0.9097613262049958,24.983759656408335,-102.0187160579861,149.50768816462843,181.78109986756925,29456.257149,3989.816184532
326.0,0.03,6.666666666666667,1.23,3600.0,0.71,7.0,470.0,2408309.0,-0.5101980149101135,10.16332277858278,6.551609926614812,28.776372764036413,0.9228838315937423,25.605801884547414,-98.40836153955271,156.0284274803488,183.33968166612004,20193.233094000007,2552.951601003003
327.0,0.03,6.666666666666667,1.23,3600.0,0.72,7.0,470.0,2408575.0,-0.5121351393272722,10.38660506069442,6.6633332346212155,28.9384477989586,0.9289772208845248,26.18042180268605,-94.58765480973678,161.51395052436277,183.93279743713924,21475.562046999952,2717.2848388729994
328.0,0.03,6.666666666666667,1.23,3600.0,0.73,7.0,470.0,2408722.0,-0.5140961138427946,10.650324402787735,6.621765733149171,29.25216462200553,0.9401212754893074,26.81294735020728,-90.53495379424096,168.02333849610594,185.2210901821972,21425.931102999984,2721.107489718993
329.0,0.03,6.666666666666667,1.23,3600.0,0.74,7.0,470.0,2408931.0,-0.5161226482277095,11.074030660165876,6.474082316644715,29.843744680619956,0.9588706493967414,27.47973725541508,-86.38738164976364,176.1016659373567,187.61745267427474,20392.75879000001,2575.6090510600034
330.0,0.03,6.666666666666667,1.23,3600.0,0.75,7.0,470.0,2409200.0,-0.5181760424491342,11.416408252825866,6.400204755832031,30.335287285929464,0.9752061890579307,28.160627048637693,-81.91178717001783,183.975067129474,189.57432695626676,20998.378608999992,2652.166968937001
331.0,0.03,8.333333333333334,1.23,3600.0,0.1,7.0,470.0,2411091.0,-0.4639671058049575,0.2084585493154954,0.14748568458605532,1.201874797364856,1.0178497209833552,0.7351020540423431,-129.92457151353355,3.4136867796747894,131.0453372078996,19798.517011000014,2514.7529596090017
332.0,0.03,8.333333333333334,1.23,3600.0,0.11,7.0,470.0,2411091.0,-0.46412309487648234,0.2614020692930324,0.17662136657459437,1.3819885973433343,1.0119509636032475,0.8708228783332055,-129.8814285931334,4.106623040938012,131.29721672252725,29877.515013,4046.5789513659993
333.0,0.03,8.333333333333334,1.23,3600.0,0.12,7.0,470.0,2411091.0,-0.46429335466594207,0.3160858557115557,0.20821583640802258,1.5771025641945111,1.0063099530395967,1.0200146426125623,-129.834374013408,4.8599774767425075,131.57293259122386,19680.151427000015,2483.836414219998
334.0,0.03,8.333333333333334,1.23,3600.0,0.13,7.0,470.0,2411091.0,-0.46447924705115545,0.37447137204935893,0.24245941174769836,1.7854697440942655,0.9996456072972557,1.1802574012369638,-129.7833168208442,5.665950529872205,131.86660942158815,19853.877571000023,2519.858978321001
335.0,0.03,8.333333333333334,1.23,3600.0,0.14,7.0,470.0,2411091.0,-0.46468046839879074,0.437275985945571,0.2795156784513707,2.0071964588254847,0.9928703301703918,1.3505266740744584,-129.72873982353957,6.526624275350636,132.18084930159333,19677.637592000014,2487.74627502
336.0,0.03,8.333333333333334,1.23,3600.0,0.15,7.0,470.0,2411091.0,-0.4648948862085992,0.5072179296452379,0.31914500792957645,2.249063357079481,0.9910815689793775,1.533761216954641,-129.67045624267476,7.478799820878989,132.5400685519448,28051.04652200001,3767.3124383629997
337.0,0.03,8.333333333333334,1.23,3600.0,0.16,7.0,470.0,2411091.0,-0.4651252659661999,0.5825825663629557,0.3611748758150552,2.507631059387379,0.9913425486690246,1.7258491171822126,-129.60851629699724,8.511452951676581,132.94273162992624,19628.34551899998,2479.7326822969976
338.0,0.03,8.333333333333334,1.23,3600.0,0.17,7.0,470.0,2411091.0,-0.46537395662797915,0.660610388852318,0.4061792476197149,2.768467052929659,0.9843616364697023,1.9262249877384412,-129.54246508962706,9.540969395873145,133.32195280836007,20258.281650999987,2576.986155220999
339.0,0.03,8.333333333333334,1.23,3600.0,0.18,7.0,470.0,2411091.0,-0.4656344097539356,0.7449632020460969,0.45348111537570185,3.052912864088878,0.9821472705289935,2.140414558847484,-129.47267586353848,10.672388010010751,133.75329213319108,19808.24212400003,2507.691730405001
340.0,0.03,8.333333333333334,1.23,3600.0,0.19,7.0,470.0,2411091.0,-0.4659138554957394,0.8349404717490884,0.5033506092296257,3.3506605750210046,0.9803306676631678,2.3629086989700143,-129.3988885243727,11.8691544963789,134.21618266578184,19686.730078,2486.6236494619984
341.0,0.03,8.333333333333334,1.23,3600.0,0.2,7.0,470.0,2411091.0,-0.46620635326170673,0.9286868416133073,0.5557434171922061,3.6580535893625528,0.9765099402829034,2.597088266797848,-129.32107514627026,13.10016205592405,134.6816650872284,19787.120199000005,2501.946135468996
342.0,0.03,8.333333333333334,1.23,3600.0,0.21,7.0,470.0,2411091.0,-0.4665119808855387,1.0309143455939498,0.6099256969865495,4.0003869205292295,0.9779935805871274,2.8454452922973625,-129.23961224771293,14.464871979273793,135.21781197157964,20008.509833999997,2539.6771609570005
343.0,0.03,8.333333333333334,1.23,3600.0,0.22,7.0,470.0,2411091.0,-0.4668420989976659,1.1366131397832766,0.6668536560396902,4.341360359074585,0.9767197878867118,3.097002412099007,-129.15385100456893,15.854602168443702,135.76662360601608,29196.182836000004,3950.1331881620035
344.0,0.03,8.333333333333334,1.23,3600.0,0.23,7.0,470.0,2411091.0,-0.4671803876732649,1.2479255599141332,0.7264586453990598,4.698163803720885,0.9740346326768501,3.359031315309301,-129.06394070079747,17.28104805983454,136.31340943628862,19544.121664000028,2468.871196002002
345.0,0.03,8.333333333333334,1.23,3600.0,0.24,7.0,470.0,2411091.0,-0.4675446508064907,1.3670006922158828,0.7876485589424884,5.081889214402513,0.9751702763421395,3.631647767476018,-128.9701452996292,18.838353192061017,136.94031225865334,19429.09570699997,2456.6962938399993
346.0,0.03,8.333333333333334,1.23,3600.0,0.25,7.0,470.0,2411091.0,-0.46792991947302354,1.4859942323383981,0.8531394121872478,5.42197719757339,0.967094321585671,3.902943635159526,-128.8711144924657,20.271638953665665,137.4786989688728,20172.439641000015,2560.8194379929973
347.0,0.03,8.333333333333334,1.23,3600.0,0.26,7.0,470.0,2411091.0,-0.4683081263838807,1.618242852063437,0.917399581452563,5.8611224286729104,0.9712750117829831,4.20512323453051,-128.76922403589074,22.020588606565948,138.18792454573727,27912.383649000007,3764.4125962729972
348.0,0.03,8.333333333333334,1.23,3600.0,0.27,7.0,470.0,2411108.0,-0.4687133865175179,1.7520994961516752,0.9863000239380896,6.2638024188584644,0.9684491702930952,4.506436917124048,-128.6618499162957,23.67796415051692,138.83117521074033,19597.819882999993,2474.146941767
349.0,0.03,8.333333333333334,1.23,3600.0,0.28,7.0,470.0,2411108.0,-0.4691847274926682,1.8940794222123252,1.0566125743567643,6.699756949527162,0.9702748780089392,4.8129111415400025,-128.55027177068467,25.512373086984276,139.59928477003268,19588.467110999998,2476.797990696999
350.0,0.03,8.333333333333334,1.23,3600.0,0.29,7.0,470.0,2411151.0,-0.4696444678445365,2.0377097941793005,1.1314525008128595,7.111325436883491,0.9661495645432854,5.1246374892646065,-128.43317047613746,27.250869412457163,140.2789146674544,20243.811765000006,2566.585981781999
351.0,0.03,8.333333333333334,1.23,3600.0,0.3,7.0,470.0,2411231.0,-0.47007112873233203,2.197708845047201,1.2020344708427984,7.635253055596705,0.9697639805241316,5.47336209045378,-128.3130074165161,29.27174073596231,141.07638969053795,19557.416878000007,2467.2961068760005
352.0,0.03,8.333333333333334,1.23,3600.0,0.31,7.0,470.0,2411231.0,-0.47055708342262276,2.35015331852201,1.2843433633790788,8.053246390063917,0.9642792464826586,5.799243131743981,-128.18519520299174,31.078940378728344,141.7771493780111,19803.432004999995,2501.9486143890003
353.0,0.03,8.333333333333334,1.23,3600.0,0.32,7.0,470.0,2411271.0,-0.4710205672014337,2.513789715915025,1.3619823225222734,8.547841991148768,0.963140587383182,6.152764437928166,-128.05312177688418,33.07726801948894,142.55401132885885,20005.15154499998,2533.3371910860023
354.0,0.03,8.333333333333334,1.23,3600.0,0.33,7.0,470.0,2411335.0,-0.47152217045948486,2.695894562240998,1.4386728625426188,9.146107656642972,0.9694417757256164,6.531314743644164,-127.91671687984305,35.40703916107161,143.51176621584392,28882.42426099997,3905.2569960049973
355.0,0.03,8.333333333333334,1.23,3600.0,0.34,7.0,470.0,2411407.0,-0.47204387782923374,2.857515707940954,1.5329845498189285,9.508993613636171,0.9559421389546898,6.867166765437104,-127.7695507171849,37.06204855647247,144.0649386368242,19929.418202000008,2517.811617255
356.0,0.03,8.333333333333334,1.23,3600.0,0.35,7.0,470.0,2411399.0,-0.4726519231864258,3.0331136533716268,1.6236259577609704,9.9660859102795,0.9529103687614269,7.221858918877137,-127.61756106504899,39.14967095158822,144.92254757634794,20850.00244700002,2637.757081698999
357.0,0.03,8.333333333333334,1.23,3600.0,0.36,7.0,470.0,2411447.0,-0.473164024424265,3.235908875689306,1.7053077793378137,10.61946421226071,0.9578541001247531,7.633767996951416,-127.46170863804808,41.63363650343424,145.90089627724308,20474.072171,2596.767184098002
358.0,0.03,8.333333333333334,1.23,3600.0,0.37,7.0,470.0,2411476.0,-0.4737092806785332,3.4379324739197625,1.7955197095907958,11.200475710369384,0.9573978076429058,8.038162338487302,-127.29738315558187,43.95779268996303,146.7830856131777,28838.293646999973,3875.0595021109966
359.0,0.03,8.333333333333334,1.23,3600.0,0.38,7.0,470.0,2411507.0,-0.4743747444746066,3.636033432429286,1.8906458060154978,11.732729460765905,0.9570399188312448,8.42161175272276,-127.1253378396418,46.34866593692195,147.7929833246303,20304.237098000027,2560.920854174997
360.0,0.03,8.333333333333334,1.23,3600.0,0.39,7.0,470.0,2411511.0,-0.47496698887619426,3.8579273654541177,1.9826027395900563,12.378845722132198,0.9591861601656915,8.85334507463685,-126.9483203762067,48.92965047415374,148.80524994854724,20281.595888,2564.22629127
361.0,0.03,8.333333333333334,1.23,3600.0,0.4,7.0,470.0,2411647.0,-0.4755587463206105,4.082010731234481,2.0808732900108486,12.995188971172896,0.9582698041763038,9.295490937324708,-126.76398167579345,51.42186150965895,149.73227925570944,20640.302857000017,2619.3374590499984
362.0,0.03,8.333333333333334,1.23,3600.0,0.41,7.0,470.0,2411581.0,-0.47625768592355605,4.3041507833716475,2.184408199849828,13.556120422815386,0.9565383949829043,9.70302663858653,-126.57173879443941,53.92747922832906,150.75151197814512,20292.562325999952,2560.6923806130017
363.0,0.03,8.333333333333334,1.23,3600.0,0.42,7.0,470.0,2411703.0,-0.47690367776729864,4.557360902140294,2.282611790422819,14.28781450743136,0.9594859769322241,10.172644239176785,-126.3754613556456,56.76455182415856,151.83958174063292,19732.795770999994,2494.2958000139965
364.0,0.03,8.333333333333334,1.23,3600.0,0.43,7.0,470.0,2411827.0,-0.4775938521118215,4.798600240769033,2.394790374988422,14.899734646791563,0.9577132250359621,10.62586957021787,-126.16944907325203,59.38987060024998,152.84032484073512,20317.065408000013,2581.6657567049992
365.0,0.03,8.333333333333334,1.23,3600.0,0.4400000000000001,7.0,470.0,2411879.0,-0.4782353442154976,5.055646435042524,2.498728120261731,15.566918502214818,0.955394782945848,11.105672143957227,-125.95850819388221,62.03377625915353,153.76531925155945,29572.09215000001,3995.7366970699995
366.0,0.03,8.333333333333334,1.23,3600.0,0.4500000000000001,7.0,470.0,2411934.0,-0.47901805809814735,5.3552441665519215,2.5951530490590873,16.433000650605184,0.9624999221322319,11.61256225332877,-125.74529925300446,65.36808028672255,155.11741942018205,21049.74658999999,2659.878928470001
367.0,0.03,8.333333333333334,1.23,3600.0,0.46,7.0,470.0,2412057.0,-0.4797843018715926,5.638901498416934,2.702544613341363,17.19462629792401,0.9642407177390634,12.110583771300485,-125.52217721936438,68.4291487201209,156.3046697585025,20599.645856999992,2604.818407507999
368.0,0.03,8.333333333333334,1.23,3600.0,0.47,7.0,470.0,2412011.0,-0.4805208187688315,5.960827119662494,2.7857125376440743,18.164308013981785,0.9719791703677676,12.673215305563136,-125.29927878917123,72.00997323594315,157.7251890482629,20233.368653000012,2569.8781583869995
369.0,0.03,8.333333333333334,1.23,3600.0,0.48,7.0,470.0,2412084.0,-0.4812813701949534,6.2504789033622945,2.9065174772411644,18.89374935456311,0.9710605810941302,13.18640591919037,-125.06306751175741,75.03584816451503,158.8617640219155,28242.920825000005,3804.563783643001
370.0,0.03,8.333333333333334,1.23,3600.0,0.49,7.0,470.0,2412226.0,-0.48212405470329145,6.476737182058991,3.056015051250782,19.35911670164443,0.9621055190490233,13.648110706898521,-124.81595105909383,77.47379795908702,159.74976937632815,21058.012279000024,2660.848253297003
371.0,0.03,8.333333333333334,1.23,3600.0,0.5,7.0,470.0,2412265.0,-0.4829475222464127,6.781845700744561,3.174135452237545,20.065667040799102,0.9614809472029533,14.169234469128737,-124.56864302560129,80.61589934917302,160.99365971186435,20841.488154000006,2634.940314903003
372.0,0.03,8.333333333333334,1.23,3600.0,0.51,7.0,470.0,2412268.0,-0.4837797553381988,7.214853080510332,3.2424425482750694,21.47374425988595,0.9774130703505918,14.853766620160394,-124.32856725571197,85.26258655143764,162.80634729831786,20160.689938999996,2555.6604768639995
373.0,0.03,8.333333333333334,1.23,3600.0,0.52,7.0,470.0,2412377.0,-0.4847099292610852,7.38598199845734,3.4318260967656524,21.547029349326102,0.9600704580871338,15.240007958517081,-124.05460311194169,87.0662431726509,163.5160008815264,21024.377101999988,2653.539791749998
374.0,0.03,8.333333333333334,1.23,3600.0,0.53,7.0,470.0,2412399.0,-0.48556084942419064,7.8574092845278605,3.4858057627606143,23.034854580040495,0.9752017650090844,15.949534066858144,-123.80325001678935,91.87264135883004,165.34828768143225,21049.826914999983,2657.782044978002
375.0,0.03,8.333333333333334,1.23,3600.0,0.54,7.0,470.0,2412530.0,-0.48655301263335937,8.057476877652118,3.6681511528459443,23.335396571780954,0.9627722312097601,16.414515520526336,-123.5197823279443,94.15666645178163,166.2009086569206,21393.810012000016,2712.1814123429986
376.0,0.03,8.333333333333334,1.23,3600.0,0.55,7.0,470.0,2412517.0,-0.4875971432523446,8.353465483494103,3.7946124511460475,24.033954991024522,0.9606155079541121,16.94004949466916,-123.22527939249085,97.45743054757762,167.56062751973462,31317.89204800001,4238.317253445996
377.0,0.03,8.333333333333334,1.23,3600.0,0.56,7.0,470.0,2412596.0,-0.4886650076443701,8.364667621905594,4.067882739251465,23.425202029811043,0.931700121765648,17.233418754101155,-122.90738660905923,97.9923592805003,167.80857474449027,21520.295259999984,2714.9603874090008
378.0,0.03,8.333333333333334,1.23,3600.0,0.5700000000000001,7.0,470.0,2412611.0,-0.48972833324714116,8.535427353295534,4.272171822280055,23.47902232482925,0.9185158852144402,17.67738716862828,-122.58669893969872,100.08670375577218,168.7093940264378,21412.159843000016,2704.9767556019997
379.0,0.03,8.333333333333334,1.23,3600.0,0.58,7.0,470.0,2412902.0,-0.4908634165768113,8.78772632248387,4.463896571423307,23.658379915887952,0.9034409038901197,18.14787594061618,-122.25209585387081,101.92852534346483,169.12274244692432,21433.188687000023,2717.6171388689972
380.0,0.03,8.333333333333334,1.23,3600.0,0.59,7.0,470.0,2412934.0,-0.4919852143037211,9.074028717511936,4.629052835353877,24.16237196668023,0.8980833888836592,18.69040525635068,-121.90197988181316,104.8481249202141,170.19424602613051,29627.253119,3975.5335118339967
381.0,0.03,8.333333333333334,1.23,3600.0,0.6,7.0,470.0,2412864.0,-0.49306883876952023,9.4864735222223,4.749006472176241,25.52306724832155,0.9093487606732721,19.376841139736726,-121.53149504390115,109.79257508248645,172.18868174393077,20377.66742300002,2571.5866977700002
382.0,0.03,8.333333333333334,1.23,3600.0,0.61,7.0,470.0,2412925.0,-0.49435899703418523,9.690143300087518,4.971858927605095,25.31862081667078,0.8916179613670707,19.816080254824772,-121.09553988023336,111.27010129169096,172.5689378727362,21157.71736200003,2671.8396778350043
383.0,0.03,8.333333333333334,1.23,3600.0,0.62,7.0,470.0,2413192.0,-0.49568853990645617,9.978589171677173,5.172018479384503,25.588189850943348,0.8817050691491781,20.31469814550718,-120.58596149413641,113.67022312536179,173.20268897198596,20727.845855000003,2633.1308343119995
384.0,0.03,8.333333333333334,1.23,3600.0,0.63,7.0,470.0,2413455.0,-0.4970174169405284,10.275834333326912,5.358283357341262,26.001583732298325,0.8765742053362519,20.86346799888395,-119.90148960049852,116.68358847865437,174.0859086573025,20547.606974,2595.866550730999
385.0,0.03,8.333333333333334,1.23,3600.0,0.64,7.0,470.0,2413138.0,-0.4984245554577481,10.573846825469584,5.5629744133321655,26.327367789479545,0.8736881164820365,21.393455543816078,-118.76927900332754,120.02075864266894,174.9323930738991,20638.088692000005,2610.275316351001
386.0,0.03,8.333333333333334,1.23,3600.0,0.65,7.0,470.0,2413257.0,-0.49987553158172154,10.915909804109756,5.7499610671912595,26.777007946473802,0.8804011787395003,22.00137003723944,-116.94429406842751,124.75194427227227,176.25198948568553,21148.755329999967,2685.9776724299995
387.0,0.03,8.333333333333334,1.23,3600.0,0.66,7.0,470.0,2413433.0,-0.5014436568797733,11.268519457234456,5.922820540650317,27.18032941785818,0.8910156801581314,22.59328353399637,-114.33201514752417,130.17069357001589,177.53775576780072,30030.844214000008,4050.3291272730003
388.0,0.03,8.333333333333334,1.23,3600.0,0.67,7.0,470.0,2413584.0,-0.5031195521774512,11.534850630097024,6.117329855494166,27.307163628446848,0.8933302428883613,23.15232929310743,-111.53249750372787,134.49361065175594,177.91443474833832,20621.553195999986,2603.283929980001
389.0,0.03,8.333333333333334,1.23,3600.0,0.6799999999999999,7.0,470.0,2413702.0,-0.5047027359900141,11.99314937832947,6.237534770852956,28.041026192289007,0.9142760183277066,23.78759086956802,-108.6255843115377,141.78658228136078,180.352865381859,20801.605556999977,2627.7613187890006
390.0,0.03,8.333333333333334,1.23,3600.0,0.69,7.0,470.0,2413795.0,-0.5064726198986002,12.285804982015424,6.445950679293038,28.11837513242972,0.9187180953414256,24.337954481245916,-105.45869697306881,146.696735233116,180.96734693120072,21544.289525999982,2734.1519234539965
391.0,0.03,8.333333333333334,1.23,3600.0,0.7,7.0,470.0,2414006.0,-0.5083055147418184,12.529456324837371,6.608672156595005,28.171531019433285,0.9222221568429907,24.93137276603444,-102.04471258326572,151.55546699148726,181.35914730785288,29223.272660999977,3951.5098799210023
392.0,0.03,8.333333333333334,1.23,3600.0,0.71,7.0,470.0,2414086.0,-0.5101026439165649,12.952144286565591,6.653484422894249,28.607746970533157,0.9370146976492,25.55136821756302,-98.43332807703575,158.41747877162666,183.0860629511064,20901.54106100003,2640.929451071001
393.0,0.03,8.333333333333334,1.23,3600.0,0.72,7.0,470.0,2414264.0,-0.511960573104402,13.410634236234847,6.562049788970292,29.288763123536594,0.9558175057456728,26.235334197274447,-94.64315139234887,166.180459394188,185.3268294405207,20258.320736000005,2561.8394825590017
394.0,0.03,8.333333333333334,1.23,3600.0,0.73,7.0,470.0,2414484.0,-0.5138805744540996,13.845197625212933,6.482031788789654,30.02081745729474,0.9746633210699234,26.96489285621815,-90.65628773008291,174.1968716010971,187.54021960366453,20785.832591000017,2638.225658177998
395.0,0.03,8.333333333333334,1.23,3600.0,0.74,7.0,470.0,2414912.0,-0.5159763884055084,14.129163586499134,6.523598993620776,29.807859899011405,0.975887000487673,27.44196092241995,-86.37071281096459,179.22680880951918,187.6949382189325,20652.29792599998,2604.2528021830008
396.0,0.03,8.333333333333334,1.23,3600.0,0.75,7.0,470.0,2415254.0,-0.5180460526881722,14.516115291384816,6.475739688585606,30.09074027151611,0.9875316042360258,28.07458231920529,-81.9096671850911,186.30028728315165,189.05277689755096,20098.449902000008,2536.351911047001
397.0,0.03,10.0,1.23,3600.0,0.1,7.0,470.0,2407559.0,-0.46396364716387706,0.2454289200763077,0.14687935571684838,1.1970666597557371,1.028489952902392,0.7428882075390912,-129.92471391829133,3.4493722234941364,131.0418229986975,30117.289851999984,4080.099768548003
398.0,0.03,10.0,1.23,3600.0,0.11,7.0,470.0,2407559.0,-0.46412063336341186,0.31157930642452886,0.17623302163753019,1.3774791114716969,1.0218663640956975,0.8740876323087717,-129.88186756416948,4.146860971022525,131.28934946334948,20278.688055000002,2572.195240015004
399.0,0.03,10.0,1.23,3600.0,0.12,7.0,470.0,2407559.0,-0.4642905120342005,0.3791219317765181,0.2082379193762211,1.5723132560642485,1.017449370413945,1.0224697604517021,-129.83499249864528,4.9137753323434,131.56662496331995,19990.426122999983,2522.7845457450007
400.0,0.03,10.0,1.23,3600.0,0.13,7.0,470.0,2407559.0,-0.4644758452621536,0.4488878998326,0.24297960289468662,1.7798329118672216,1.0106750493200514,1.1828096947034803,-129.78429448588258,5.728464957402391,131.85824933398698,19960.097252999993,2519.563794496998
401.0,0.03,10.0,1.23,3600.0,0.14,7.0,470.0,2407559.0,-0.4646745494116566,0.5275480221494111,0.2801764875050343,2.0062167747461066,1.0092334509874892,1.3538172538617324,-129.7299255847517,6.6341871043527805,132.1963541508422,20508.658741999985,2602.942959041998
402.0,0.03,10.0,1.23,3600.0,0.15,7.0,470.0,2407559.0,-0.46488860770999046,0.6104872206924811,0.31993283091960756,2.2469794924632653,1.00682009703586,1.536106398325964,-129.6717398505366,7.597564314633934,132.55579822276925,29711.10700999998,4012.7885383399953
403.0,0.03,10.0,1.23,3600.0,0.16,7.0,470.0,2407559.0,-0.4651191997302532,0.6998851055539917,0.36199327699770595,2.5001162908626458,1.0035069398296672,1.7274531600519207,-129.60987856826134,8.615893786167812,132.9363245209629,19763.382949,2496.2145760040016
404.0,0.03,10.0,1.23,3600.0,0.17,7.0,470.0,2407559.0,-0.4653651249400299,0.7938607611693816,0.4065241189976323,2.7677431992026964,1.0008701797892392,1.9305127433981477,-129.54420485283816,9.700979193844319,133.34654322391464,19800.920526000005,2501.7324568020026
405.0,0.03,10.0,1.23,3600.0,0.18,7.0,470.0,2407559.0,-0.46562500548350866,0.8940568821402163,0.45376966012304404,3.0467555624886242,0.9961789714637879,2.1446393742584386,-129.4745909686256,10.824861840881244,133.76023133049648,20856.034026000023,2648.279875925997
406.0,0.03,10.0,1.23,3600.0,0.19,7.0,470.0,2407559.0,-0.4659021034672523,0.9994925630761006,0.5037357229135407,3.3360356968415648,0.9910306545916046,2.3670547363176953,-129.40088899819781,11.998702415414783,134.19327269446373,19945.034732,2519.347969849998
407.0,0.03,10.0,1.23,3600.0,0.2,7.0,470.0,2407559.0,-0.4661923366163368,1.1149094604239786,0.554948362057617,3.6608423856367227,0.9933187508400938,2.6044197144936168,-129.32375419043305,13.32565709000712,134.71429135782824,19912.820241999972,2517.444822562001
408.0,0.03,10.0,1.23,3600.0,0.21,7.0,470.0,2407559.0,-0.46650195100987657,1.2340146119528923,0.6094320737941266,3.9830121409762556,0.99018482363944,2.845664914162696,-129.2422357653827,14.64518478860131,135.21529681309806,20478.144046000005,2606.1558404210004
409.0,0.03,10.0,1.23,3600.0,0.22,7.0,470.0,2407559.0,-0.4668181349030813,1.363594408826869,0.6653940150262315,4.348900552069693,0.9927224261127534,3.1047899302281765,-129.1572687161524,16.11436496414622,135.78895477414764,29823.907862000015,4038.330802393006
410.0,0.03,10.0,1.23,3600.0,0.23,7.0,470.0,2407578.0,-0.4671594109905777,1.496921493997501,0.7243646353686575,4.7078179275438385,0.9916079192578078,3.3675376286337584,-129.06776656822728,17.592828359822654,136.3639532425062,19810.680737000024,2499.045669815998
411.0,0.03,10.0,1.23,3600.0,0.24,7.0,470.0,2407578.0,-0.4675073686807037,1.6407719322456262,0.7844295996941557,5.101770287589877,0.9924331426633657,3.646536875874088,-128.9746312166312,19.171837487835937,136.9729600090634,19980.48829100001,2524.0392980240017
412.0,0.03,10.0,1.23,3600.0,0.25,7.0,470.0,2407597.0,-0.4678870371066912,1.7847066398485292,0.8484924210011884,5.473340526608453,0.989367692047167,3.9236084202804253,-128.87655597937774,20.738519705831003,137.58492767747012,19789.555972,2506.965335375999
413.0,0.03,10.0,1.23,3600.0,0.26,7.0,470.0,2407614.0,-0.468275345058546,1.9340365470125689,0.9165608961083856,5.837758236882882,0.9828977882171968,4.210797065230517,-128.77362251409596,22.28409829766168,138.1585680665233,31001.977168000027,4191.688275438001
414.0,0.03,10.0,1.23,3600.0,0.27,7.0,470.0,2407614.0,-0.4686819624712136,2.0991670304399728,0.9824684337062615,6.2808645428700896,0.9856915282036316,4.514849191017607,-128.6674782418447,24.099528797376536,138.8896578411873,19571.462111999987,2467.3133964089975
415.0,0.03,10.0,1.23,3600.0,0.28,7.0,470.0,2407614.0,-0.46910396481498434,2.2677767116653422,1.052189417803234,6.7149308261033225,0.9851332716261999,4.8267376741698484,-128.55632692835337,25.903059159589496,139.59775145820115,19863.513085999995,2509.038441257001
416.0,0.03,10.0,1.23,3600.0,0.29,7.0,470.0,2407630.0,-0.46953819247504786,2.4560262936928905,1.1177087642027785,7.24431146978591,0.9924941505242066,5.162864733720096,-128.4419302304918,27.993935391719635,140.45495436080978,20572.728959999993,2608.9953154340005
417.0,0.03,10.0,1.23,3600.0,0.3,7.0,470.0,2407662.0,-0.47001305313345154,2.620265309180486,1.2026352540596204,7.577773682861136,0.9796323518669163,5.468694999858313,-128.3186377711166,29.569611571787792,141.01888009694488,19881.448017000006,2510.061320508998
418.0,0.03,10.0,1.23,3600.0,0.31,7.0,470.0,2407694.0,-0.4704710166281529,2.809085315088827,1.278335138648494,8.050580295476372,0.9782240873557757,5.8116864481831065,-128.19282645128504,31.52838578540627,141.77152503929452,20081.757266999986,2534.814316398998
419.0,0.03,10.0,1.23,3600.0,0.32,7.0,470.0,2407750.0,-0.4710111194866672,3.0221417719238977,1.3506849351852122,8.626159818190875,0.9860795947293877,6.168959853645314,-128.0626700745892,33.86506546467085,142.75978916031474,20175.927681000023,2564.3511363040016
420.0,0.03,10.0,1.23,3600.0,0.33,7.0,470.0,2407742.0,-0.47143806485727113,3.21345630743195,1.4370753324099381,9.057946801136753,0.9764434124318294,6.521496221151625,-127.9240341494633,35.662760784851365,143.3568202721844,30847.278380999993,4173.355550177998
421.0,0.03,10.0,1.23,3600.0,0.34,7.0,470.0,2407782.0,-0.47197364060541813,3.4141218479205255,1.524778613497104,9.511214639602356,0.9723673927435343,6.878633038385794,-127.77911114951081,37.69885859828125,144.14922160838628,20082.41419400001,2536.4938238740033
422.0,0.03,10.0,1.23,3600.0,0.35,7.0,470.0,2407861.0,-0.47252274281315404,3.6431775048450055,1.6081687972361312,10.076159255486171,0.9737096990395254,7.25785158104334,-127.62963876684165,40.00419721459802,145.04847884282898,20575.372336,2602.4688532899972
423.0,0.03,10.0,1.23,3600.0,0.36,7.0,470.0,2407924.0,-0.47308216208574705,3.86395418479214,1.6993492824112741,10.564288601190587,0.9698125244721967,7.631289335063735,-127.47160386798643,42.15341576039043,145.8661382249191,20520.370834000005,2607.903673847003
424.0,0.03,10.0,1.23,3600.0,0.37,7.0,470.0,2407951.0,-0.4736622804182812,4.093193713748267,1.792855488070934,11.090382550634445,0.9668878945190235,8.017649842452721,-127.3072273270615,44.393518851209535,146.7066645833647,19759.755899000007,2492.7364875679996
425.0,0.03,10.0,1.23,3600.0,0.38,7.0,470.0,2408037.0,-0.47428272984155406,4.33872269864752,1.8843792655202254,11.676804370686856,0.9681952570301718,8.424419413493625,-127.13726214940114,46.88890990524766,147.70184630630055,20515.504974999996,2590.5092040159952
426.0,0.03,10.0,1.23,3600.0,0.39,7.0,470.0,2408079.0,-0.47489667764550747,4.579669167519612,1.98461409225147,12.185931928778444,0.9642400876916679,8.828696507041297,-126.95834919904534,49.18745956027011,148.56689706372464,32090.300420000014,4372.156869196
427.0,0.03,10.0,1.23,3600.0,0.4,7.0,470.0,2408143.0,-0.4755908808359334,4.847521400095026,2.078609496690055,12.85063129354289,0.968761039836101,9.245214051050143,-126.77574549316236,51.98483329987103,149.73860255165528,20652.918449000037,2617.6501708569986
428.0,0.03,10.0,1.23,3600.0,0.41,7.0,470.0,2408175.0,-0.47618569823123147,5.158151224807955,2.1640102487335833,13.68535152875386,0.9766589866395388,9.729659582711712,-126.58983831435695,55.06183284582736,150.9144985751772,20519.220611999976,2589.6234663729983
429.0,0.03,10.0,1.23,3600.0,0.42,7.0,470.0,2408241.0,-0.476887060928894,5.462134417927842,2.2558794262482147,14.437612540243874,0.9823381094684193,10.175994027589761,-126.39519190987525,58.116516410228826,152.18008790809438,20756.67846999997,2624.493596805
430.0,0.03,10.0,1.23,3600.0,0.43,7.0,470.0,2408298.0,-0.47758183697452505,5.680022888723714,2.3910751144629097,14.74072019729842,0.9671432689801227,10.578308499919979,-126.18443391680316,59.97464804192866,152.76895525832674,20831.865485000002,2651.562753627004
431.0,0.03,10.0,1.23,3600.0,0.4400000000000001,7.0,470.0,2408382.0,-0.47830781012949325,5.993082326904476,2.489594156331089,15.53213334556801,0.9724344108553179,11.062566990884772,-125.97655474816096,63.14015917451345,154.03933710298608,20621.66105300001,2612.0216496900002
432.0,0.03,10.0,1.23,3600.0,0.4500000000000001,7.0,470.0,2408436.0,-0.47902631149088465,6.254122831932972,2.618637207754042,15.96039262054284,0.9635564066703334,11.505985104205886,-125.7560315141834,65.4398313222502,154.85672507199786,20473.673424,2594.598512629004
433.0,0.03,10.0,1.23,3600.0,0.46,7.0,470.0,2408407.0,-0.47980462556335396,6.524034946525415,2.7482607475078327,16.46203313514192,0.958129562673983,11.951196433418621,-125.5291396515608,67.99545915370159,155.83907354266861,31794.39503000001,4344.0004196790005
434.0,0.03,10.0,1.23,3600.0,0.47,7.0,470.0,2408501.0,-0.48058264969842274,6.861964287157448,2.856915752466123,17.250530788510062,0.9611802523884083,12.46392351290089,-125.30190547192015,71.20992543823506,157.0784965691207,21115.815362999998,2663.9031104250007
435.0,0.03,10.0,1.23,3600.0,0.48,7.0,470.0,2408552.0,-0.4814209764578513,7.2887989675373355,2.9378915800024736,18.442969546588024,0.9764813223583192,13.040577445811893,-125.07625165781907,75.45471999018476,158.82073410806407,21885.403704999975,2778.047988099999
436.0,0.03,10.0,1.23,3600.0,0.49,7.0,470.0,2408527.0,-0.48223969189290317,7.431416462086482,3.1300116812664696,18.24166182258189,0.9510846224934268,13.413324327095637,-124.81811235420795,76.58633738831696,159.1880354494944,21468.883167000015,2712.7394234639974
437.0,0.03,10.0,1.23,3600.0,0.5,7.0,470.0,2408602.0,-0.4830598623969585,7.804690365009091,3.2442511220985346,19.125547643558598,0.9566962927033883,13.963031217936896,-124.57574938255857,80.21472735852707,160.65295639248254,31429.596547,4253.051473092996
438.0,0.03,10.0,1.23,3600.0,0.51,7.0,470.0,2408828.0,-0.4838260243013122,8.296063115450707,3.302924407422778,20.574677857397212,0.9716264948537879,14.640706120677308,-124.3382296845221,84.75780673101258,162.2816649145867,21288.004490000007,2688.5966970090017
439.0,0.03,10.0,1.23,3600.0,0.52,7.0,470.0,2408959.0,-0.48470699258365385,8.572275935372636,3.4710808668849604,20.88928260575993,0.959925883592055,15.114295926271016,-124.07137149110709,87.05313209518874,163.0775682520073,21896.459340999994,2783.2408660610013
440.0,0.03,10.0,1.23,3600.0,0.53,7.0,470.0,2408901.0,-0.4856560213171913,8.943914809254197,3.5950083611287775,21.754176419213636,0.9631358929779588,15.671132626630744,-123.80691538175422,90.73592937411904,164.57861253964586,20791.266225000007,2630.6944007459965
441.0,0.03,10.0,1.23,3600.0,0.54,7.0,470.0,2409073.0,-0.4865605027435042,9.363767834615931,3.7080041440517553,22.684714446504046,0.9649426742475831,16.256959144246753,-123.537215191104,94.36893024018372,165.8926998618692,21147.21035399998,2668.667453389002
442.0,0.03,10.0,1.23,3600.0,0.55,7.0,470.0,2409188.0,-0.4875298360533906,9.564546295310024,3.9055651647729572,22.781458168904866,0.9476491637002318,16.69861600084546,-123.23758932172038,96.14195460104638,166.42935829293344,20433.49639400002,2581.9107806360016
443.0,0.03,10.0,1.23,3600.0,0.56,7.0,470.0,2409084.0,-0.488548726241654,9.905034054508322,4.065957888579544,23.331740380271615,0.943380444390437,17.229323634638774,-122.93909569173135,99.22084722895241,167.62788696268552,21020.59339800001,2667.0164327690063
444.0,0.03,10.0,1.23,3600.0,0.5700000000000001,7.0,470.0,2408996.0,-0.4896331932592276,10.125795721105217,4.265959076842694,23.30349099807241,0.9272288412004785,17.673822039168773,-122.61662914099622,101.03611688912055,168.2836781949277,30471.462346000073,4114.296372261999
445.0,0.03,10.0,1.23,3600.0,0.58,7.0,470.0,2409111.0,-0.4907616198342794,10.4042148089458,4.452211643066962,23.449282279290163,0.9141211220824259,18.147620892635565,-122.28308718912423,103.1334950166341,168.96325258181986,20860.128395999956,2634.785222476999
446.0,0.03,10.0,1.23,3600.0,0.59,7.0,470.0,2409251.0,-0.4919634373905855,10.707520461614193,4.649529327016417,23.694018249196912,0.901810582227242,18.63489872424007,-121.92903055123139,105.28326183302964,169.52632562219347,20973.520058000016,2647.130285326003
447.0,0.03,10.0,1.23,3600.0,0.6,7.0,470.0,2409274.0,-0.49315182766516646,11.046628703825226,4.8330797153995535,24.1602858128192,0.8958792207266773,19.161510348577664,-121.54818797920703,108.16629533166991,170.51297873025527,21002.569525000017,2665.926319623999
448.0,0.03,10.0,1.23,3600.0,0.61,7.0,470.0,2409420.0,-0.49446626919515607,11.345174809563076,5.031972436169548,24.4273007335827,0.882032919298656,19.644931051557343,-121.1183743437599,110.07392911027557,170.7429244231628,28862.84730800005,3871.153674795
449.0,0.03,10.0,1.23,3600.0,0.62,7.0,470.0,2409476.0,-0.4956914001487277,11.737288132071383,5.202339292593064,25.133595897487776,0.8837903714263297,20.250021578586626,-120.61514456575301,113.93906220026506,172.23096186527923,20751.752840000012,2627.246983759999
450.0,0.03,10.0,1.23,3600.0,0.63,7.0,470.0,2409548.0,-0.49701856819281703,12.095957939424812,5.385435244313429,25.645251747061067,0.8803435106169897,20.81777177706129,-119.93000561529216,117.18533272751613,173.17092163494766,20504.577966999997,2592.364263115
451.0,0.03,10.0,1.23,3600.0,0.64,7.0,470.0,2409755.0,-0.49827936202380413,12.60894169681862,5.5308103852549495,26.592697958895563,0.8948840271160574,21.480356872292198,-118.80219136057336,122.93249479476493,175.52187924207692,20612.669572,2622.1673838700017
452.0,0.03,10.0,1.23,3600.0,0.65,7.0,470.0,2409836.0,-0.49985877712379745,12.85974875895701,5.761365601010576,26.526495027190872,0.8869904332678546,21.982084870853882,-116.94894432099358,125.68563488238027,175.50488494536148,20367.170600999983,2571.724297548004
453.0,0.03,10.0,1.23,3600.0,0.66,7.0,470.0,2409925.0,-0.5013228745891477,13.40604305181735,5.909094531745313,27.241085559014987,0.907279155029195,22.634373459609144,-114.4189273808511,132.54666500460291,177.77499578326726,20432.659750999996,2587.8400792610023
454.0,0.03,10.0,1.23,3600.0,0.67,7.0,470.0,2410071.0,-0.5029441684929575,13.806344548309399,6.064747227997497,27.571208146001755,0.9168882760442054,23.21868644958311,-111.61452898692727,138.04034486814047,178.99388748317594,20280.391186999994,2578.1377494190015
455.0,0.03,10.0,1.23,3600.0,0.6799999999999999,7.0,470.0,2410184.0,-0.5045527551046719,14.316569661241479,6.182324032679066,28.15687183346722,0.9330356786265206,23.874124047077924,-108.68442165162836,144.6958438885867,180.85037596574938,28970.56278899997,3920.2779119470015
456.0,0.03,10.0,1.23,3600.0,0.69,7.0,470.0,2410329.0,-0.5063175447145557,14.69775101426788,6.350301087366654,28.298659983091035,0.9391262979523889,24.4355547715436,-105.56501203766803,149.95542438943622,181.73816957083503,19974.02409599999,2521.7356055590035
457.0,0.03,10.0,1.23,3600.0,0.7,7.0,470.0,2410473.0,-0.5080928061505813,15.08886295324627,6.491305549872468,28.594951060156717,0.9488125316942946,25.032263505712034,-102.11756734931897,155.92525647026474,182.83544075059626,19579.675575000005,2474.518309420002
458.0,0.03,10.0,1.23,3600.0,0.71,7.0,470.0,2410712.0,-0.5100318565416149,15.260793415315483,6.688864930605849,28.457979430715433,0.9472018965277624,25.555356525846,-98.40926098701316,160.13978938867012,182.58605607320047,20762.003126999985,2638.978550315996
459.0,0.03,10.0,1.23,3600.0,0.72,7.0,470.0,2411056.0,-0.5118486923818832,15.875188052367589,6.606310368678724,29.13567682908851,0.9676857456815955,26.232072040118748,-94.63299064868984,168.2438967688921,185.0276401273284,28753.258600000023,3885.3564018440015
460.0,0.03,10.0,1.23,3600.0,0.73,7.0,470.0,2411670.0,-0.513805093780072,16.268024804848753,6.598256472649667,29.36548125495304,0.9768069453453072,26.83573853412538,-90.59118585828345,174.57999122259895,186.10367601430556,20182.453850000013,2548.083036565998
461.0,0.03,10.0,1.23,3600.0,0.74,7.0,470.0,2411505.0,-0.5158377813837695,16.70452100926052,6.499527815693955,29.66759083528606,0.9881969386288809,27.47394661386869,-86.38697539259394,181.48759405267617,187.5289831711609,19686.507876000018,2489.2285520379996
462.0,0.03,10.0,1.23,3600.0,0.75,7.0,470.0,2412224.0,-0.5179024095139008,17.144283999049325,6.447016158667416,29.86561866190336,0.9976668038711781,28.07000227463284,-81.91299604111036,188.21231784055516,188.59839278741256,20172.260940999986,2561.3004945490043
463.0,0.03,11.66666666666667,1.23,3600.0,0.1,7.0,470.0,2406754.0,-0.4639650816662525,0.30161778175616927,0.14686212400617296,1.1963703902407272,1.0427444814460938,0.7349271582792054,-129.9238846051201,3.4971793748220272,131.04128652565987,19899.39726999999,2514.3898035109955
464.0,0.03,11.66666666666667,1.23,3600.0,0.11,7.0,470.0,2406754.0,-0.46412064804084285,0.3793937313077941,0.17605188303582237,1.3773370607114572,1.0405204616723405,0.8704439832586032,-129.88053421375287,4.2225616222115425,131.29986917765072,20106.271269000008,2535.2857587430044
465.0,0.03,11.66666666666667,1.23,3600.0,0.12,7.0,470.0,2406754.0,-0.46429210663380754,0.45582982581799725,0.2080921618399491,1.5696792628567193,1.0334165301523497,1.0185573243849315,-129.83301861070473,4.990888786763486,131.57174882256857,20560.108862000034,2608.0608853929994
466.0,0.03,11.66666666666667,1.23,3600.0,0.13,7.0,470.0,2406754.0,-0.4644827497058474,0.5274482376581673,0.243116492512869,1.7693937359180214,1.0191290653579779,1.1784512628389132,-129.78157381621278,5.776381975493578,131.8395460627784,29707.880569999983,4018.888420934001
467.0,0.03,11.66666666666667,1.23,3600.0,0.14,7.0,470.0,2406754.0,-0.46467818732133115,0.6317630965149325,0.27985030260276894,2.0039095893878187,1.027533453264997,1.3504662877377338,-129.72712449254078,6.754482006389844,132.2156172226873,20228.571497000004,2553.4492513240043
468.0,0.03,11.66666666666667,1.23,3600.0,0.15,7.0,470.0,2406754.0,-0.46489076685700587,0.7313231373171232,0.3192217349526857,2.2475641460139184,1.026844387241123,1.5345502618610458,-129.66864859405516,7.7486695946509405,132.58465890856138,20319.788770000006,2567.9838448289956
469.0,0.03,11.66666666666667,1.23,3600.0,0.16,7.0,470.0,2406754.0,-0.46512114432182605,0.8370190736718551,0.36106314958269586,2.502059403081607,1.0230313383564615,1.7256061349652192,-129.60637497085534,8.783526053837257,132.9641532633912,20562.330987000005,2610.080629378996
470.0,0.03,11.66666666666667,1.23,3600.0,0.17,7.0,470.0,2406754.0,-0.4653837244049226,0.9503432973231838,0.405144512639354,2.773486728887333,1.0246135180460323,1.9272376255814772,-129.54025126401382,9.931112566855912,133.4151516664384,31186.531228000018,4239.050969325998
471.0,0.03,11.66666666666667,1.23,3600.0,0.18,7.0,470.0,2406754.0,-0.46563884240525083,1.072586911105136,0.4510374264031894,3.070650978742972,1.0247725951122433,2.146412659433396,-129.47058702164676,11.13557109533366,133.86547014129567,20029.06585799999,2530.974499903004
472.0,0.03,11.66666666666667,1.23,3600.0,0.19,7.0,470.0,2406754.0,-0.46590886883707755,1.2021572145846224,0.4989186090446586,3.3920982704956875,1.0269377800535926,2.378134668689703,-129.3969333458685,12.433440645776521,134.35906522883033,20004.98885399998,2529.0208882139987
473.0,0.03,11.66666666666667,1.23,3600.0,0.2,7.0,470.0,2406754.0,-0.4662211802313878,1.3348487025052589,0.5510032505539298,3.690501752228134,1.0216294414322322,2.6066327761072516,-129.31868230360956,13.705453156972567,134.84114897918755,20708.631641000007,2636.531706598002
474.0,0.03,11.66666666666667,1.23,3600.0,0.21,7.0,470.0,2406754.0,-0.46651347442204044,1.4775418915604064,0.6047651674512183,4.014040872074269,1.0151815492852008,2.851075714816834,-129.2366271623198,15.014895227958043,135.30409874437512,19954.610567999993,2521.994342804998
475.0,0.03,11.66666666666667,1.23,3600.0,0.22,7.0,470.0,2406754.0,-0.4668782653236904,1.6273757737986436,0.6606533976726072,4.361688082027971,1.0167252547172303,3.1018618912871756,-129.15061108723393,16.503990835517897,135.90302277796542,19993.233699000033,2527.409395529002
476.0,0.03,11.66666666666667,1.23,3600.0,0.23,7.0,470.0,2406765.0,-0.46720134363341365,1.7879231140761402,0.7184036927965767,4.735298728611303,1.0154745244760877,3.369608455860707,-129.0607372316036,18.01626294619736,136.46576618645625,20265.925835999973,2577.572759682998
477.0,0.03,11.66666666666667,1.23,3600.0,0.24,7.0,470.0,2406765.0,-0.4675808196739658,1.9494615767188328,0.7812138313038117,5.072525004700686,1.0089476965212987,3.633948080842361,-128.96571379503152,19.490865872860134,137.01943117432597,30454.324465000016,4132.641784936998
478.0,0.03,11.66666666666667,1.23,3600.0,0.25,7.0,470.0,2406765.0,-0.4679324071455479,2.1250296905445127,0.8420005311790812,5.480597123572477,1.0083355153864222,3.92590885655067,-128.86762231070725,21.136111603423593,137.63019771228412,20267.936344999995,2560.2279143639994
479.0,0.03,11.66666666666667,1.23,3600.0,0.26,7.0,470.0,2406765.0,-0.46835565504418,2.305841540167649,0.9089588605753862,5.861781612827012,1.0062423659052717,4.207635710881609,-128.76408068374607,22.813362754408537,138.29322571370295,20396.74685000002,2579.6905011709987
480.0,0.03,11.66666666666667,1.23,3600.0,0.27,7.0,470.0,2406765.0,-0.4687347270591759,2.5005037377094776,0.9741918329094773,6.301904737779249,1.0061163893531049,4.516433422612929,-128.6571052138324,24.59890361735821,138.96297510017945,20289.197119,2576.2353987360016
481.0,0.03,11.66666666666667,1.23,3600.0,0.28,7.0,470.0,2406765.0,-0.4691660361865471,2.697898398999219,1.0448154257309517,6.724184879788142,1.0042194876259225,4.82853966536614,-128.54482825825454,26.404911443349416,139.65430133171947,20007.490304,2525.626779913001
482.0,0.03,11.66666666666667,1.23,3600.0,0.29,7.0,470.0,2406765.0,-0.46961435671167556,2.9042858502958473,1.1183853267033488,7.1519507629372345,1.0006898225942806,5.1400972081136,-128.42764493021022,28.22509958981611,140.3380253719763,20132.507708999998,2544.2945319840005
483.0,0.03,11.66666666666667,1.23,3600.0,0.3,7.0,470.0,2406845.0,-0.47008682174864697,3.1086282916201697,1.196951424233978,7.543153642486011,0.9935188334023255,5.458037770976259,-128.30441620313053,29.98876663982771,140.98641171364184,29647.99265699997,4014.3907815990005
484.0,0.03,11.66666666666667,1.23,3600.0,0.31,7.0,470.0,2406845.0,-0.4705561680170613,3.3341392654166033,1.2738692360211605,8.00760587011775,0.9916858693027146,5.79320654728131,-128.17717665168723,31.96226209255117,141.73061782540157,20398.515910999988,2592.580300209998
485.0,0.03,11.66666666666667,1.23,3600.0,0.32,7.0,470.0,2406901.0,-0.47100780812074483,3.5758629470156365,1.3473392074052501,8.5850518973647,0.997748161987617,6.165766907719579,-128.04613941927127,34.26580065500535,142.63791911477148,20455.45781299998,2584.441319497998
486.0,0.03,11.66666666666667,1.23,3600.0,0.33,7.0,470.0,2406981.0,-0.47150649086853824,3.8316298887939735,1.4187784737492686,9.22301885647787,1.0046600043043812,6.54120200231681,-127.91014806212401,36.69331878063778,143.58883762142386,19735.678573000005,2496.3739185450027
487.0,0.03,11.66666666666667,1.23,3600.0,0.34,7.0,470.0,2407029.0,-0.4720100407408562,4.068683440927106,1.5135794145462411,9.59020548021891,0.9931945403617758,6.89113266534557,-127.7622236903956,38.5063308550898,144.20495354444756,20443.509080999982,2600.1515988540004
488.0,0.03,11.66666666666667,1.23,3600.0,0.35,7.0,470.0,2407085.0,-0.4725692639874594,4.351156326258447,1.5847822967337917,10.307808424475667,1.0039053397934414,7.292403091351015,-127.6144837663985,41.24476446881381,145.3230980963934,27559.994452999996,3705.8081812569994
489.0,0.03,11.66666666666667,1.23,3600.0,0.36,7.0,470.0,2407084.0,-0.47311803625992543,4.616755253340819,1.6743028069866936,10.824608902650446,1.00080295456385,7.6731960657043565,-127.45566385619621,43.50043124150902,146.16723206902293,20061.38330999998,2537.588510939996
490.0,0.03,11.66666666666667,1.23,3600.0,0.37,7.0,470.0,2407109.0,-0.4737038344693705,4.868395716628557,1.7837189761123973,11.127018135207866,0.9859696934065312,8.024101568209904,-127.28531616582083,45.26963717209203,146.75171894175415,21008.558091999992,2655.383190380006
491.0,0.03,11.66666666666667,1.23,3600.0,0.38,7.0,470.0,2407153.0,-0.47432373195851,5.152291360451291,1.8799151484061722,11.63777322517507,0.9826254583354427,8.417416404004186,-127.11206703644942,47.587752833886704,147.6124237322994,20506.335425,2604.350719379003
492.0,0.03,11.66666666666667,1.23,3600.0,0.39,7.0,470.0,2407203.0,-0.474892399575148,5.454273870563382,1.9678087078902167,12.311031095550675,0.9859305518481214,8.857056595051274,-126.93485499162848,50.293925514297314,148.63861023687025,20426.64792300002,2580.531724532004
493.0,0.03,11.66666666666667,1.23,3600.0,0.4,7.0,470.0,2407231.0,-0.4755762767146061,5.7832160069922995,2.0481240572589754,13.14338336489539,0.9968977843812583,9.299229646753744,-126.75376220094203,53.49468342248595,149.97449254752757,20586.707018999998,2596.3694006229966
494.0,0.03,11.66666666666667,1.23,3600.0,0.41,7.0,470.0,2407221.0,-0.4763141308578657,6.044676867759936,2.188349122807277,13.22831886431352,0.9767953246307152,9.633785256147382,-126.55098346070123,55.06951927454341,150.5253726242165,31172.05140100003,4210.338280580001
495.0,0.03,11.66666666666667,1.23,3600.0,0.42,7.0,470.0,2407339.0,-0.4768302635188357,6.400613109807086,2.263182807642063,14.177973015351688,0.9860712869106645,10.166727427455006,-126.3589658184748,58.33737648477276,151.68784594299174,20787.669913999995,2639.351017285999
496.0,0.03,11.66666666666667,1.23,3600.0,0.43,7.0,470.0,2407447.0,-0.47750597470924055,6.795010321926072,2.321047067587072,15.387524844794061,1.0071225223838687,10.724518238466114,-126.16467115765177,62.45384810336033,153.39041878823878,20586.828309000004,2602.0811347589975
497.0,0.03,11.66666666666667,1.23,3600.0,0.4400000000000001,7.0,470.0,2407524.0,-0.4782023546466195,7.081906590247,2.4650343165238446,15.612657438203124,0.9894749320400946,11.126300322188518,-125.94381401746978,64.24660009023246,153.90451544053974,20671.740732000002,2610.0163686039973
498.0,0.03,11.66666666666667,1.23,3600.0,0.4500000000000001,7.0,470.0,2407577.0,-0.47896463731898375,7.454871139211146,2.558425289824461,16.52170063045732,0.9960514382620167,11.635199171736485,-125.73048441007985,67.6467279517056,155.20701613055604,20507.59687499997,2602.7330329130004
499.0,0.03,11.66666666666667,1.23,3600.0,0.46,7.0,470.0,2407560.0,-0.47976672451835084,7.8002872710101325,2.6760034957678025,17.129759110972753,0.9958906033640423,12.093446175873954,-125.50491722709661,70.67524213908038,156.48066331255237,31337.369566000023,4244.4608942970035
500.0,0.03,11.66666666666667,1.23,3600.0,0.47,7.0,470.0,2407649.0,-0.48040806158675026,8.209713124890879,2.7721104112389714,18.082888668387852,1.0000459889590771,12.665363270010188,-125.27858201035272,74.08932937565709,157.63783591148191,20438.101913999973,2582.4379800870006
501.0,0.03,11.66666666666667,1.23,3600.0,0.48,7.0,470.0,2407756.0,-0.4812153055146227,8.512992678447,2.927358213784737,18.301645984890715,0.9856003195581804,13.088482485770498,-125.03248040915965,76.15936365776155,158.36136470402823,20880.68803500001,2635.693177204003
502.0,0.03,11.66666666666667,1.23,3600.0,0.49,7.0,470.0,2407795.0,-0.48197469789618436,8.940975621070391,3.0117371271487756,19.415784213284283,0.9951516423810872,13.690135750656742,-124.79837236668502,80.13484566297089,159.8745853174957,21092.295928000018,2679.944639384997
503.0,0.03,11.66666666666667,1.23,3600.0,0.5,7.0,470.0,2407904.0,-0.48283601096742734,9.330669047618695,3.1553798801807362,20.029666267794806,0.9911446462716194,14.185603732839839,-124.54668522545799,83.10306852855246,160.94843482557636,20595.04785299995,2603.279225640999
504.0,0.03,11.66666666666667,1.23,3600.0,0.51,7.0,470.0,2408004.0,-0.4836172010858644,9.738198189965399,3.276815695587001,20.82182843383738,0.9911153494422181,14.75038336473949,-124.29465530386625,86.45787623237334,162.16530585211035,20738.17989099999,2618.911891532
505.0,0.03,11.66666666666667,1.23,3600.0,0.52,7.0,470.0,2408021.0,-0.48445475516654674,10.236354643333998,3.362224095612792,22.013615524429856,1.0003274358684313,15.387475489026246,-124.04497287969133,90.717041702465,163.76234482975343,30715.687068999992,4136.450068953004
506.0,0.03,11.66666666666667,1.23,3600.0,0.53,7.0,470.0,2408111.0,-0.48540333996981033,10.54747813162509,3.5331381050956785,22.256298018102402,0.9879452925305185,15.829800803756857,-123.76563693731748,93.07319449114739,164.67211636988483,22659.003411000038,2880.831758428003
507.0,0.03,11.66666666666667,1.23,3600.0,0.54,7.0,470.0,2408169.0,-0.48635364702347467,10.92270865281509,3.6932547750481333,22.816003760483405,0.9812648495308284,16.3425057934381,-123.48527696458439,95.96519731571095,165.67600129851058,20769.95756100002,2629.0550972309966
508.0,0.03,11.66666666666667,1.23,3600.0,0.55,7.0,470.0,2408268.0,-0.48731971445153677,11.421496249471167,3.7902415331186523,23.934198925652687,0.9863210363821824,16.970390158140667,-123.20442025370158,100.06533634414646,167.15342973146485,20626.023978000005,2605.615033702001
509.0,0.03,11.66666666666667,1.23,3600.0,0.56,7.0,470.0,2408407.0,-0.4883164367191762,11.894969979729504,3.9088124034483456,24.864909062129655,0.9874727017030023,17.5649797051932,-122.91367536242541,103.85828820284976,168.53829241477445,20832.127882000015,2648.0403178630045
510.0,0.03,11.66666666666667,1.23,3600.0,0.5700000000000001,7.0,470.0,2408319.0,-0.48944333364949316,12.132352591115554,4.150641430909871,24.53817801315579,0.966524365652941,17.909773526632186,-122.58020250218387,105.31798024947292,169.16723718984343,29306.77258200005,3945.552584227999
511.0,0.03,11.66666666666667,1.23,3600.0,0.58,7.0,470.0,2408245.0,-0.49059638609278416,12.436852243854045,4.387550571720542,24.256216871148617,0.9472983961637081,18.302639683482305,-122.2340481966077,106.87664037064646,169.72742919704868,21012.046128000013,2656.0381202650005
512.0,0.03,11.66666666666667,1.23,3600.0,0.59,7.0,470.0,2408427.0,-0.49180982511670496,12.805924182418037,4.600845446043723,24.253858156105824,0.9322699027085928,18.74069929161242,-121.87298235483048,108.83928199590477,170.3109372745553,20643.52585599999,2605.402658582002
513.0,0.03,11.66666666666667,1.23,3600.0,0.6,7.0,470.0,2408374.0,-0.4929923515110613,13.245383681664936,4.773664837491316,24.758663283688126,0.9276598376170949,19.292922649505353,-121.49113886633116,112.00341032759894,171.42391474158032,21009.360378000023,2666.595267773002
514.0,0.03,11.66666666666667,1.23,3600.0,0.61,7.0,470.0,2408410.0,-0.494244852592803,13.68227920472505,4.957750447857815,25.149106191439724,0.9201032419231272,19.811363998093313,-121.06056560707034,114.82494225511766,172.28500802007213,20952.80128999998,2649.0403949439983
515.0,0.03,11.66666666666667,1.23,3600.0,0.62,7.0,470.0,2408526.0,-0.49558389134324504,14.079176493920631,5.165761244910127,25.26947062825815,0.9069161268090461,20.28380934663571,-120.54785917100631,116.92045571412176,172.6700971714034,20977.60156100003,2647.120540769999
516.0,0.03,11.66666666666667,1.23,3600.0,0.63,7.0,470.0,2408654.0,-0.49694911974452405,14.508180877276912,5.3803579391684035,25.710471233731802,0.9017469833072629,20.833468258880643,-119.86388773965588,120.0344172479167,173.4658266785148,29790.607075000014,4018.9148691640053
517.0,0.03,11.66666666666667,1.23,3600.0,0.64,7.0,470.0,2408894.0,-0.49830756498702883,15.000846714068173,5.547806455719347,26.26080280030114,0.9045241651409957,21.424149967032196,-118.742811341842,124.25678507335077,174.76599047807187,20890.904790999986,2647.7198515019954
518.0,0.03,11.66666666666667,1.23,3600.0,0.65,7.0,470.0,2411068.0,-0.4996932456350966,15.597164373068736,5.679777512748053,27.114522114934978,0.9220508360967126,22.07612498858041,-116.9477269754583,130.65365801262104,177.13379599874713,20022.431853000016,2529.6295799760005
519.0,0.03,11.66666666666667,1.23,3600.0,0.66,7.0,470.0,2409123.0,-0.5013067797703094,15.984873625756443,5.931659459856661,27.164404076515822,0.9230516496056673,22.637089975720954,-114.37435171961339,134.8509079085935,177.507232490357,20451.516279,2579.7120370160005
520.0,0.03,11.66666666666667,1.23,3600.0,0.67,7.0,470.0,2409370.0,-0.5029469625580917,16.419099520744158,6.063662683555202,27.303848738325414,0.9274020437871638,23.185654202029596,-111.58359052978577,139.62322487982854,178.23455026495992,20016.011724999982,2537.5847555660034
521.0,0.03,11.66666666666667,1.23,3600.0,0.6799999999999999,7.0,470.0,2409647.0,-0.5045803211203171,16.970959100961515,6.241205383655759,27.757862777641805,0.9408800763405777,23.8063940298573,-108.63233038649913,145.9123587261587,179.76826782054144,28740.059525000044,3867.707739797001
522.0,0.03,11.66666666666667,1.23,3600.0,0.69,7.0,470.0,2409694.0,-0.5063135854464869,17.43623892530746,6.411762410860539,27.977420937457694,0.9491054888937798,24.38591075648315,-105.45018722789503,151.54885630156798,180.7877104993541,20136.52350500003,2541.7009952399994
523.0,0.03,11.66666666666667,1.23,3600.0,0.7,7.0,470.0,2409758.0,-0.5081374072961339,17.82742165278628,6.5675979103635616,28.081744799598013,0.9536180496177059,24.953408669288756,-102.03433859387971,156.71498214277707,181.31914770462018,20123.809724000006,2541.216758242001
524.0,0.03,11.66666666666667,1.23,3600.0,0.71,7.0,470.0,2410128.0,-0.5099631779413144,18.31431697648893,6.637682829190694,28.452985480864534,0.9655204388832344,25.56630941035017,-98.40476530193006,163.2368350401478,182.67030564518356,20190.79697600001,2568.330178464997
525.0,0.03,11.66666666666667,1.23,3600.0,0.72,7.0,470.0,2410349.0,-0.5118014196812838,19.018578151568637,6.519427693885891,29.084893051334298,0.9841360096952001,26.23528998277855,-94.62343083169951,171.10397457088197,184.86921652301407,20037.057038000006,2533.6524208529977
526.0,0.03,11.66666666666667,1.23,3600.0,0.73,7.0,470.0,2410534.0,-0.5137961588361704,19.4225937202205,6.58998746187462,29.121850017470454,0.9886899002412857,26.790562171812617,-90.55012909528342,176.70377440342497,185.3289101273302,20440.66235900003,2581.2106034719995
527.0,0.03,11.66666666666667,1.23,3600.0,0.74,7.0,470.0,2411040.0,-0.515802087978192,19.929959181055995,6.5435092486218815,29.35368029343315,0.9982588136477243,27.405537443187328,-86.29677737861137,183.33551061408775,186.3996018264008,28788.226176000004,3882.9294438819975
528.0,0.03,11.66666666666667,1.23,3600.0,0.75,7.0,470.0,2411072.0,-0.5178693010801116,20.513625635430127,6.480287026645521,29.652354072582817,1.0103456811301383,28.0240719093594,-81.87817838357292,190.6042194927554,187.81205923231047,20557.21942699998,2609.726070153004
529.0,0.03,13.33333333333333,1.23,3600.0,0.1,7.0,470.0,2409818.0,-0.46396651083677676,0.3559546628359226,0.14695363498801053,1.1942295643515162,1.0583623833932336,0.7354004385960695,-129.92488735646617,3.549559037854925,131.04190809354955,20243.45827099998,2560.700840757999
530.0,0.03,13.33333333333333,1.23,3600.0,0.11,7.0,470.0,2409818.0,-0.46412444390200924,0.4479349244612647,0.1761923029644702,1.373408843047635,1.055303608572114,0.8694152000967798,-129.88180658738233,4.2825534734570265,131.29740879026917,20681.549028000023,2611.0605973119987
531.0,0.03,13.33333333333333,1.23,3600.0,0.12,7.0,470.0,2409818.0,-0.4642939264675163,0.5413203133563904,0.20820916353383162,1.5668443383353914,1.0496144512758745,1.0191667237056812,-129.83465660029012,5.069116704109004,131.56823276546785,20560.216062999985,2609.0628983650067
532.0,0.03,13.33333333333333,1.23,3600.0,0.13,7.0,470.0,2409818.0,-0.46448176250141704,0.641507721203611,0.24292733000588063,1.7739925026036696,1.0455453152297647,1.177261524838579,-129.78376159700397,5.926108202333982,131.87418072068624,29821.399749000022,4032.0030375809965
533.0,0.03,13.33333333333333,1.23,3600.0,0.14,7.0,470.0,2409818.0,-0.4646912125014531,0.7368154096980142,0.28065632794100903,1.986790572896881,1.0308973765193619,1.3453240921634952,-129.72901476779006,6.77659472595171,132.15602309104236,20370.858775000008,2574.6939799660004
534.0,0.03,13.33333333333333,1.23,3600.0,0.15,7.0,470.0,2409818.0,-0.4649048927331211,0.868100551366484,0.3198906301346251,2.2352037055135026,1.0405585510184383,1.5284500746964025,-129.67109106882472,7.852158034766864,132.57160414188056,20606.66224399999,2601.9330184269993
535.0,0.03,13.33333333333333,1.23,3600.0,0.16,7.0,470.0,2409818.0,-0.4651300136205222,0.9950264546029713,0.3617735330807848,2.489706079889696,1.0379420743232604,1.7224579487261482,-129.60929033051158,8.911546411509402,132.95187272572136,20137.943280000018,2553.986220696
536.0,0.03,13.33333333333333,1.23,3600.0,0.17,7.0,470.0,2409818.0,-0.46537837154410955,1.1323367295891125,0.4059264567491184,2.761774067900117,1.0386611752519637,1.9270308254392972,-129.54361600965717,10.067270115585822,133.38381804556536,20176.38614899998,2546.5912907580014
537.0,0.03,13.33333333333333,1.23,3600.0,0.18,7.0,470.0,2409818.0,-0.465684814408881,1.2712955044313003,0.45339295647787153,3.027701826882679,1.0331910663774775,2.1280284339844604,-129.47365627702015,11.227049424999345,133.82028698024317,20182.954219000003,2547.0785463190055
538.0,0.03,13.33333333333333,1.23,3600.0,0.19,7.0,470.0,2409818.0,-0.4659586894610789,1.422938295456193,0.5027122751484427,3.326848632402994,1.0335559665098248,2.3538984099581346,-129.40005191665563,12.513568994430633,134.3072232981205,20510.086959000007,2614.222262061004
539.0,0.03,13.33333333333333,1.23,3600.0,0.2,7.0,470.0,2409818.0,-0.4662044791392763,1.5877153372634167,0.5538241580582798,3.6558392380930664,1.0303462847472808,2.600645189045367,-129.32287713099205,13.822392120246361,134.74724532877826,20416.607313999997,2587.884370516002
540.0,0.03,13.33333333333333,1.23,3600.0,0.21,7.0,470.0,2409829.0,-0.46652731783021445,1.7478476792073863,0.6097757415732515,3.939411200457819,1.0178610777581127,2.8329697329147008,-129.24059618493996,15.05452640457806,135.16511823536484,20513.597723999967,2601.633323619998
541.0,0.03,13.33333333333333,1.23,3600.0,0.22,7.0,470.0,2409829.0,-0.46688211523026896,1.9271612837891254,0.6664345839031747,4.280169493856365,1.0196821193273018,3.082720801607446,-129.15506767092543,16.551988134886678,135.75056964265602,31843.24608299999,4349.544455768004
542.0,0.03,13.33333333333333,1.23,3600.0,0.23,7.0,470.0,2409829.0,-0.46723219828578705,2.1196628172944747,0.7238066446113094,4.656372343407068,1.0237846562900308,3.3482642327746954,-129.06590960553316,18.16369896381169,136.3815025312573,20228.232857999974,2569.3589447859986
543.0,0.03,13.33333333333333,1.23,3600.0,0.24,7.0,470.0,2409829.0,-0.46763886945432287,2.3101150962713395,0.7864247362382104,4.998509373062707,1.0202213716529283,3.6081302830722097,-128.9715500979022,19.70865088851796,136.9770214977757,20130.78353199999,2542.7511071329986
544.0,0.03,13.33333333333333,1.23,3600.0,0.25,7.0,470.0,2409829.0,-0.46806230831916407,2.5071297764831826,0.8527694479532119,5.327590007014213,1.0048380406001085,3.87299300877886,-128.87277419662092,21.06279967868656,137.37509163507804,20025.60099699999,2531.408665496002
545.0,0.03,13.33333333333333,1.23,3600.0,0.26,7.0,470.0,2409829.0,-0.4683996305226243,2.738094416193553,0.9141002990223499,5.809499078101248,1.023201810734398,4.186882681589274,-128.7717513039243,23.19786452069241,138.32103934971033,29878.860725,4045.2891562520012
546.0,0.03,13.33333333333333,1.23,3600.0,0.27,7.0,470.0,2409829.0,-0.46871131799128307,2.9589826024917896,0.9837820549651097,6.196690926588277,1.0147128814478379,4.503757738593547,-128.66452746063965,24.809082362803007,138.83039650080397,20207.53948600004,2566.782846543996
547.0,0.03,13.33333333333333,1.23,3600.0,0.28,7.0,470.0,2409840.0,-0.46932231311740064,3.193169750218949,1.0524547928808277,6.614635986922965,1.0167354283097607,4.7846671963052145,-128.55313993093696,26.7340051419474,139.64221734655638,20143.008601999994,2543.3818196759976
548.0,0.03,13.33333333333333,1.23,3600.0,0.29,7.0,470.0,2409872.0,-0.4696006992593787,3.4344776146623657,1.1267113949812868,7.04168733180082,1.0127085746633797,5.1303237048019055,-128.43650258442005,28.564096216379355,140.267398754553,20107.18218000001,2541.7954936360024
549.0,0.03,13.33333333333333,1.23,3600.0,0.3,7.0,470.0,2409920.0,-0.4700335991877664,3.691573945496849,1.2005075904579732,7.514394661750712,1.0127932280672187,5.46428125371925,-128.31564837933973,30.570552615388934,141.0154435433039,20317.785871999993,2577.703852081996
550.0,0.03,13.33333333333333,1.23,3600.0,0.31,7.0,470.0,2409936.0,-0.4705518238248024,3.952729673176846,1.2775485170484362,7.964158004991144,1.0108800460201164,5.7895566071395494,-128.18918377036908,32.58089479256504,141.78608576057815,19839.373766999994,2504.532169873998
551.0,0.03,13.33333333333333,1.23,3600.0,0.32,7.0,470.0,2410024.0,-0.4710307542224656,4.231840436806669,1.3543621223722133,8.488157549412206,1.0133196318056177,6.147852829036621,-128.05813184901675,34.800573758095965,142.636492669485,20225.121721999993,2555.071092623999
552.0,0.03,13.33333333333333,1.23,3600.0,0.33,7.0,470.0,2410056.0,-0.4715384922502698,4.514489873388191,1.4376569694254795,8.975239704823192,1.0122049515200064,6.5021011895303165,-127.92016138636643,36.968883799828234,143.45955744902747,30757.375457000035,4175.843565682003
553.0,0.03,13.33333333333333,1.23,3600.0,0.34,7.0,470.0,2410064.0,-0.4721085436532356,4.79853603492607,1.5245509126918264,9.427315990872556,1.0067966765175203,6.847770514216906,-127.77521729711424,39.03368811881205,144.2107319632189,20457.481501999984,2583.874818172998
554.0,0.03,13.33333333333333,1.23,3600.0,0.35,7.0,470.0,2410072.0,-0.4726891605602822,5.092917707541222,1.614802198015809,9.891230233706896,1.0038437519473802,7.208873734875484,-127.62352087774853,41.242234174268916,145.05793117787803,20793.198472999997,2638.1767672720016
555.0,0.03,13.33333333333333,1.23,3600.0,0.36,7.0,470.0,2410136.0,-0.47319754700940325,5.410941965619865,1.7009566353653833,10.472394096357547,1.0044080801243271,7.602954368479404,-127.4670819724363,43.65712993613759,145.93696484275173,20503.64573300002,2593.603175452001
556.0,0.03,13.33333333333333,1.23,3600.0,0.37,7.0,470.0,2410176.0,-0.47376970445067235,5.739961307973146,1.7884100483838088,11.056387220653267,1.0058877926282856,7.999599948445522,-127.30377652548798,46.184153237805184,146.9035712378374,28404.10181900001,3814.694413999001
557.0,0.03,13.33333333333333,1.23,3600.0,0.38,7.0,470.0,2410168.0,-0.47443311042148595,6.053018876830481,1.8955240046653774,11.424210422509626,0.9955096128669131,8.364388328606475,-127.12928859393922,48.211721973009006,147.60386893433625,20455.339515000014,2581.0641388289973
558.0,0.03,13.33333333333333,1.23,3600.0,0.39,7.0,470.0,2410192.0,-0.47505174870080813,6.385212306255413,1.9975148828506732,11.8619697397427,0.987462905871718,8.758446421741413,-126.94917910946008,50.37209339232872,148.31812915119858,21821.14409399999,2767.949865219999
559.0,0.03,13.33333333333333,1.23,3600.0,0.4,7.0,470.0,2410239.0,-0.4756368551888473,6.775286175547296,2.0776693992186384,12.744011582738407,1.0022874981026444,9.226220315980397,-126.77048660482512,53.783901669111216,149.7312008004516,20469.818189000005,2587.8747562449994
560.0,0.03,13.33333333333333,1.23,3600.0,0.41,7.0,470.0,2410278.0,-0.4763099370621205,7.122332687655866,2.189606363727632,13.195537637654072,0.9953055332819245,9.638638893689631,-126.57670706462284,56.113083127061785,150.54367460895742,20565.333679999985,2594.958204714002
561.0,0.03,13.33333333333333,1.23,3600.0,0.42,7.0,470.0,2410447.0,-0.4768692423527868,7.547110137557459,2.272412306636303,14.073015386967763,1.0044129184468744,10.131697194582632,-126.38477193343306,59.422493431667235,151.78303033935615,20095.355437000002,2538.021871261997
562.0,0.03,13.33333333333333,1.23,3600.0,0.43,7.0,470.0,2410540.0,-0.4775590737088245,7.913803271691996,2.3923212394075453,14.574786608637112,0.9982034326544864,10.574004776697318,-126.17736782520859,61.90075603879145,152.62320796756606,20706.75383699997,2627.027522352997
563.0,0.03,13.33333333333333,1.23,3600.0,0.4400000000000001,7.0,470.0,2410529.0,-0.4783436382766266,8.311510775342946,2.502782688956567,15.173637476942488,0.9975176373591212,11.006778926706637,-125.96598286194045,64.7688128876903,153.74008588168212,30484.14300300002,4118.111740306998
564.0,0.03,13.33333333333333,1.23,3600.0,0.4500000000000001,7.0,470.0,2410570.0,-0.4791081888074571,8.756552217205757,2.6012727015707995,16.01848026219766,1.0040666434797447,11.500921757228463,-125.75345604067566,68.19107976528947,155.06730886776245,20636.562340000004,2603.475158088002
565.0,0.03,13.33333333333333,1.23,3600.0,0.46,7.0,470.0,2410715.0,-0.4797743477528202,9.172335237999421,2.720368226846524,16.62960553415401,1.0003203307009638,11.990110914252304,-125.5289197487652,70.98960603717273,156.0061058726857,20433.06640999998,2582.401203336998
566.0,0.03,13.33333333333333,1.23,3600.0,0.47,7.0,470.0,2410727.0,-0.4806425770937119,9.651704525880834,2.8147534139449957,17.58473254907622,1.0098715726900935,12.525430023275263,-125.30604320855203,74.81726680792764,157.54668950430238,20551.47463699995,2609.448353459998
567.0,0.03,13.33333333333333,1.23,3600.0,0.48,7.0,470.0,2410715.0,-0.4814011656748023,9.986126711263625,2.9869539315790865,17.65726599516068,0.9915280353067415,12.930080439924534,-125.05746945094853,76.61741044447209,158.11445281749266,29153.567094000005,3921.2433854639985
568.0,0.03,13.33333333333333,1.23,3600.0,0.49,7.0,470.0,2410765.0,-0.482142622028042,10.489816448132933,3.084496454069667,18.670117152237168,0.9984753792358481,13.504239859626907,-124.82400039204157,80.40249044044748,159.47782091842237,20905.74535300001,2640.774202451997
569.0,0.03,13.33333333333333,1.23,3600.0,0.5,7.0,470.0,2410884.0,-0.48296900801439785,10.97323030138813,3.2012827629525398,19.449408693773456,0.9986636623684582,14.033675579577713,-124.5781405504737,83.7335045726893,160.65404778547116,20785.156625000018,2631.525674719
570.0,0.03,13.33333333333333,1.23,3600.0,0.51,7.0,470.0,2410871.0,-0.4839503460450257,11.409268250402908,3.3479983008473138,19.966574246134268,0.9977925653736808,14.522800284205214,-124.32119069087432,87.04034920981651,162.11489881910114,22319.587905999964,2839.640817319001
571.0,0.03,13.33333333333333,1.23,3600.0,0.52,7.0,470.0,2411128.0,-0.48459987147747846,11.966003319747921,3.437969143647331,21.083892089193373,1.0005240397548412,15.161809137625987,-124.07178265594824,90.7348711874144,163.15698015314803,21577.485940999984,2721.963816159998
572.0,0.03,13.33333333333333,1.23,3600.0,0.53,7.0,470.0,2411125.0,-0.4855883031292329,12.451086848478807,3.5813990049534956,21.72971298228289,0.9991517436594133,15.683059125756122,-123.80339617885352,94.12894141697521,164.4870796343574,21885.684966000015,2763.890722687997
573.0,0.03,13.33333333333333,1.23,3600.0,0.54,7.0,470.0,2411308.0,-0.48653778814444515,12.887195597580261,3.739776553372596,22.20264686169269,0.9914283495095492,16.197325585705375,-123.52407181385996,96.95916166829377,165.45628888380278,21063.409306000016,2672.9473375840025
574.0,0.03,13.33333333333333,1.23,3600.0,0.55,7.0,470.0,2411297.0,-0.48747225937661315,13.44359572243509,3.8442960236907497,23.270810588006515,0.9955554992152409,16.78594581667336,-123.2448459786398,101.00220131534986,166.9023991431839,35624.491875,4865.980236940994
575.0,0.03,13.33333333333333,1.23,3600.0,0.56,7.0,470.0,2411362.0,-0.48845702669115404,14.176861594122764,3.87048802887303,25.107085420372815,1.015720729686501,17.553562688304286,-122.97615089708229,106.82929876993954,169.09745193534897,21715.169728000023,2745.668328790999
576.0,0.03,13.33333333333333,1.23,3600.0,0.5700000000000001,7.0,470.0,2411393.0,-0.48957689159915274,14.155027105347582,4.260286543929558,23.18591692257475,0.9632898961556503,17.66467295954606,-122.61075933696755,104.96553409628874,168.31038990185834,22177.783503,2807.207085971
577.0,0.03,13.33333333333333,1.23,3600.0,0.58,7.0,470.0,2411579.0,-0.49076518816755565,14.581183330516287,4.474551421898761,23.12857161881469,0.9481954678418807,18.097327059128425,-122.27022173221839,106.97785030357048,168.9664386054307,22848.726678000006,2902.4436215219994
578.0,0.03,13.33333333333333,1.23,3600.0,0.59,7.0,470.0,2411692.0,-0.49182189364503287,15.15743709926199,4.607184080082547,24.13571256711634,0.950126164958008,18.727520931011483,-121.92850567399735,110.92393876398283,170.22458976050785,21762.893758999995,2750.4733281730028
579.0,0.03,13.33333333333333,1.23,3600.0,0.6,7.0,470.0,2412032.0,-0.49300063040070946,15.672696699026021,4.778624683436075,24.662822572415212,0.9487829966258161,19.26429324959576,-121.54929287468129,114.55376957560327,171.72462524581152,21506.316124999954,2721.042917093999
580.0,0.03,13.33333333333333,1.23,3600.0,0.61,7.0,470.0,2411720.0,-0.4942073045186577,16.172803941873756,4.973453379926898,25.08223300734864,0.9393762023442254,19.81266478601554,-121.12099727478864,117.23012513743453,172.30996729705834,31242.53410900001,4210.732243753997
581.0,0.03,13.33333333333333,1.23,3600.0,0.62,7.0,470.0,2411839.0,-0.49556156590239026,16.62285653335533,5.196715881068677,25.187208887241635,0.9251319395926791,20.261501983677515,-120.60679893123209,119.26885494190827,172.60737058779722,22391.99096600001,2851.3919188650025
582.0,0.03,13.33333333333333,1.23,3600.0,0.63,7.0,470.0,2412196.0,-0.4968645326391149,17.193893432943838,5.375183074117711,25.786735587446064,0.9245775597850829,20.846060501979373,-119.92152134898961,123.0734681055067,173.79311685800934,22322.045033999944,2820.407686884001
583.0,0.03,13.33333333333333,1.23,3600.0,0.64,7.0,470.0,2412337.0,-0.4982186133251024,17.773750158343514,5.548726314274942,26.369426562519177,0.9284129637159558,21.458141373466287,-118.79670614497103,127.53845009080962,175.18511182717674,21455.080930999993,2716.2742371260033
584.0,0.03,13.33333333333333,1.23,3600.0,0.65,7.0,470.0,2412285.0,-0.4996549669480142,18.349041290341397,5.731366489097682,26.827548193997906,0.9356646309756518,22.05024158781096,-116.99272692991309,132.5827187875091,176.61724815617424,21488.632432999984,2735.418619769998
585.0,0.03,13.33333333333333,1.23,3600.0,0.66,7.0,470.0,2412773.0,-0.5012155472730246,18.9302670387266,5.931247146393032,27.15699097226281,0.9441754299413665,22.630149723761487,-114.45427677222726,137.93693343917747,177.74255533026079,30929.210338000004,4175.092763655994
586.0,0.03,13.33333333333333,1.23,3600.0,0.67,7.0,470.0,2413122.0,-0.5028946990442309,19.428592854739684,6.115933694211318,27.347346774499602,0.949809511118783,23.189691214386304,-111.55394527945423,142.9967378790603,178.46911862067762,21924.466221000002,2773.5593527259966
587.0,0.03,13.33333333333333,1.23,3600.0,0.6799999999999999,7.0,470.0,2412968.0,-0.5045180790539874,20.073263074721865,6.229694419153613,27.678538392444743,0.9601877751076333,23.793512549416903,-108.74477569751741,148.90661053307596,179.87637779485624,21308.164823999978,2693.8531759729995
588.0,0.03,13.33333333333333,1.23,3600.0,0.69,7.0,470.0,2413450.0,-0.5062644792256604,20.65540898401276,6.415302550021325,27.944842390620426,0.9690244891404151,24.372960531872273,-105.52864859483672,154.7294318449321,180.86956598324204,22052.174468000005,2801.2665000100023
589.0,0.03,13.33333333333333,1.23,3600.0,0.7,7.0,470.0,2413799.0,-0.5079920413201527,21.294895757831544,6.484844829240068,28.456895290198467,0.9844198188129657,25.034004464586417,-102.06405949503477,161.77686064993856,182.57027980311688,21302.869780999998,2690.8212852849983
590.0,0.03,13.33333333333333,1.23,3600.0,0.71,7.0,470.0,2414009.0,-0.5098820901996898,21.72910983346278,6.604084214181909,28.507878081317273,0.9883132798886807,25.576940064166386,-98.41761592390806,167.09033319250779,183.0899369232875,21022.47622299999,2658.4395100599995
591.0,0.03,13.33333333333333,1.23,3600.0,0.72,7.0,470.0,2414129.0,-0.511758467629706,22.475341502988393,6.514092243458584,28.965135354525962,1.0027056048680743,26.218224061264003,-94.61333500309922,174.33252378455728,184.77306562541955,28900.767699000036,3891.1589627629996
592.0,0.03,13.33333333333333,1.23,3600.0,0.73,7.0,470.0,2414418.0,-0.513653616751438,23.293004263085308,6.467203964303087,29.71520041748836,1.023662268613512,26.980086229502845,-90.6629339687287,182.95421702420148,187.16165611855058,20406.003182999993,2594.047180071998
593.0,0.03,13.33333333333333,1.23,3600.0,0.74,7.0,470.0,2414897.0,-0.5157738819266169,23.50177147023146,6.557011161264994,29.259431873220926,1.01706507274829,27.413356153432662,-86.30470695566217,186.78937955849943,186.36251585601153,20673.607184999975,2612.8739591649983
594.0,0.03,13.33333333333333,1.23,3600.0,0.75,7.0,470.0,2414558.0,-0.5178201188619679,24.454589736306893,6.430536808467055,29.842564608255355,1.0369486777159256,28.091391724439205,-81.9090825070999,195.62294080280302,188.71294043243438,21333.778185999978,2700.085771782004
595.0,0.03,15.0,1.23,3600.0,0.1,7.0,470.0,2412213.0,-0.46396304842779146,0.4026202379997882,0.14821067285007788,1.1919362465956935,1.0713551055676904,0.7358214371389413,-129.9239813854698,3.5931343152308934,131.0385271061162,20051.241827000005,2549.8297836379975
596.0,0.03,15.0,1.23,3600.0,0.11,7.0,470.0,2412213.0,-0.4641191171843146,0.4994134508268895,0.1781618167144264,1.3700168670662438,1.065368521627303,0.8724022591644807,-129.88059230481034,4.323398144141793,131.28399605518007,29040.00668600003,3923.859287135998
597.0,0.03,15.0,1.23,3600.0,0.12,7.0,470.0,2412213.0,-0.46429620477466,0.6123572207571243,0.21062775126438946,1.5625571105848022,1.0629322424553047,1.015471748259985,-129.83328748377636,5.13343502370479,131.5657086766148,20241.568362000016,2559.7035982209986
598.0,0.03,15.0,1.23,3600.0,0.13,7.0,470.0,2412213.0,-0.46447957896701775,0.7246968416694366,0.24571209939458913,1.7677766176062952,1.055393715980675,1.1760245880130866,-129.78218018533664,5.981928536106035,131.8498985747592,20149.04940999999,2552.373670555
599.0,0.03,15.0,1.23,3600.0,0.14,7.0,470.0,2412213.0,-0.4646778869390765,0.8555629655439263,0.2830658555864707,1.991648828873132,1.054462946678265,1.3473721698514098,-129.7276501624272,6.931502791575124,132.1815031341474,20249.700163000005,2575.303387670998
600.0,0.03,15.0,1.23,3600.0,0.15,7.0,470.0,2412213.0,-0.464890800565762,0.9893712313790115,0.3228851719762719,2.2281752440135514,1.0508242903564495,1.5291223878951992,-129.66922307938083,7.929624322028539,132.52929336614534,20107.716098000008,2541.7295210690004
601.0,0.03,15.0,1.23,3600.0,0.16,7.0,470.0,2412213.0,-0.46513753179583284,1.1414291514657773,0.3643967713170181,2.486788154116607,1.0581403039615156,1.7146640796309556,-129.6072260493959,9.08496404752632,132.9849119403919,20026.89331899997,2533.862558543996
602.0,0.03,15.0,1.23,3600.0,0.17,7.0,470.0,2412213.0,-0.4653669208089924,1.2939779607919462,0.4091894733786029,2.7508567168921334,1.0497089874649816,1.9204756151039846,-129.5411619160637,10.174351531917544,133.34101368181456,28873.825794,3894.711680431999
603.0,0.03,15.0,1.23,3600.0,0.18,7.0,470.0,2412213.0,-0.46562819296172225,1.4556757965018137,0.4561911202121406,3.0278678886104693,1.0460114203715392,2.13279523696936,-129.47122825490197,11.36636029655183,133.76505850916,20440.576333000008,2599.9935887050037
604.0,0.03,15.0,1.23,3600.0,0.19,7.0,470.0,2412213.0,-0.46592338888850676,1.6280349899333713,0.5060188924659011,3.3177711666519585,1.044106684443377,2.351647556709746,-129.39715962702826,12.641309669421027,134.2349966906883,20088.68593999999,2536.8858463220004
605.0,0.03,15.0,1.23,3600.0,0.2,7.0,470.0,2412213.0,-0.4662188694591899,1.8117260052068493,0.5573180555349444,3.6313492831690133,1.0442035328562373,2.586623357395413,-129.31941335666482,14.008291094120487,134.7406877494791,20344.013533999983,2573.635073831995
606.0,0.03,15.0,1.23,3600.0,0.21,7.0,470.0,2412213.0,-0.4665234285777316,2.003990831452962,0.6115147398321868,3.9480423540462013,1.0392702852804632,2.8282075078268725,-129.2374352308345,15.371176178293949,135.21685597597025,20335.97230200002,2583.6225742750003
607.0,0.03,15.0,1.23,3600.0,0.22,7.0,470.0,2412213.0,-0.46685573769468336,2.209423461021184,0.6674336075809737,4.295915866779169,1.040859993327571,3.0825726231292463,-129.15173452253495,16.89575793581817,135.79214689984255,30137.041747000007,4084.323067329004
608.0,0.03,15.0,1.23,3600.0,0.23,7.0,470.0,2412224.0,-0.46728082448403724,2.4199049021765524,0.7286517043606076,4.6172467649798,1.0334861379349565,3.325070952898218,-129.0611213515028,18.335819918173293,136.30606694526088,20245.623171999996,2554.4541081080015
609.0,0.03,15.0,1.23,3600.0,0.24,7.0,470.0,2412224.0,-0.46758419754751707,2.657635525263923,0.7857536643228006,5.051965345039865,1.0449675033324597,3.6187378617628756,-128.96813621082808,20.186697010334612,137.04074082477322,19870.979353000028,2509.942431411998
610.0,0.03,15.0,1.23,3600.0,0.25,7.0,470.0,2412224.0,-0.46796786340246754,2.8923348448450747,0.8494934139941498,5.4293833115130585,1.0431744909272003,3.898263887560665,-128.86966823993797,21.866384874514985,137.66657765654,20149.454506000005,2556.5328562230015
611.0,0.03,15.0,1.23,3600.0,0.26,7.0,470.0,2412235.0,-0.46835886685236916,3.1276891248442626,0.9187535780684633,5.762512931671804,1.0315936799634156,4.177871836709652,-128.76577656522463,23.38812361074466,138.1670727046751,19990.489604999988,2522.4761854779968
612.0,0.03,15.0,1.23,3600.0,0.27,7.0,470.0,2412235.0,-0.4687078827901977,3.3936655863614518,0.9855342716647265,6.203094772004594,1.033437959275717,4.494816960968521,-128.65901676973928,25.266898565371502,138.8488037441115,19883.501661999966,2513.491772686002
613.0,0.03,15.0,1.23,3600.0,0.28,7.0,470.0,2412235.0,-0.4691262991720247,3.657115979444159,1.0584110926161883,6.598603110758372,1.0289432094503674,4.800492813773336,-128.54654713826042,27.05499610449043,139.4869202461588,29156.05004099999,3940.368276462001
614.0,0.03,15.0,1.23,3600.0,0.29,7.0,470.0,2412283.0,-0.4695560373211405,3.9598794283786662,1.124558268302256,7.144281727694236,1.0401162163742053,5.14468285951299,-128.4318040088726,29.33714636572987,140.3955480907143,20159.332665999995,2557.9816991539983
615.0,0.03,15.0,1.23,3600.0,0.3,7.0,470.0,2412315.0,-0.47005109144536217,4.246446735643676,1.2016661569377038,7.5623527376166475,1.0362787875054345,5.4594438143008315,-128.30956463203677,31.27945005922153,141.1191052467595,20390.47829900003,2574.7243440859993
616.0,0.03,15.0,1.23,3600.0,0.31,7.0,470.0,2412331.0,-0.470506540973155,4.542802526660297,1.2820124636923806,7.978913178183642,1.0290239762988342,5.789622438420164,-128.18171252825596,33.16567780995856,141.75403973125802,20211.950571999987,2556.837753067997
617.0,0.03,15.0,1.23,3600.0,0.32,7.0,470.0,2412315.0,-0.47105816816986534,4.880445252133824,1.3560056290577323,8.558003152357575,1.0378798219347725,6.141209129217346,-128.05111827712233,35.64404770380401,142.75950281815986,20395.764903999996,2588.409280073002
618.0,0.03,15.0,1.23,3600.0,0.33,7.0,470.0,2412443.0,-0.47150137717885904,5.200037953597927,1.439338878659541,9.032192322116668,1.033481129561917,6.511135631230765,-127.91230269821962,37.74595622232002,143.47555413493475,30114.563204000016,4069.172996322997
619.0,0.03,15.0,1.23,3600.0,0.34,7.0,470.0,2412427.0,-0.4720541311673638,5.543780215248469,1.521272777851113,9.552976710774939,1.0337473233815548,6.8662601230209415,-127.76793104613341,40.078569542069985,144.36221076130795,20404.899236999994,2576.5083639120003
620.0,0.03,15.0,1.23,3600.0,0.35,7.0,470.0,2412531.0,-0.472530775203244,5.888437891465314,1.6147996422489592,9.998708841479752,1.0259991928743744,7.245058906689707,-127.61531328492617,42.152475316052836,145.02078331909527,20039.000570999997,2532.421545078003
621.0,0.03,15.0,1.23,3600.0,0.36,7.0,470.0,2412555.0,-0.47311603822123277,6.260167079265211,1.7033672447490982,10.55177343668924,1.0267266502590442,7.623367882795382,-127.45758901268631,44.62721842471235,145.94613179389975,20829.924251000008,2644.421381557
622.0,0.03,15.0,1.23,3600.0,0.37,7.0,470.0,2412539.0,-0.4737058911466825,6.637189465958666,1.7966884526426814,11.069547964124611,1.0242445091398635,8.003565768506489,-127.29217389703807,47.026980255417605,146.81216250122324,19840.096825999964,2505.069835331997
623.0,0.03,15.0,1.23,3600.0,0.38,7.0,470.0,2412625.0,-0.47420255430662794,7.0230110209082905,1.8912080043100192,11.619474695122042,1.0207394474217137,8.42579032487518,-127.12042461089275,49.433582368187,147.59452293386423,19925.080926999995,2517.965238686003
624.0,0.03,15.0,1.23,3600.0,0.39,7.0,470.0,2412700.0,-0.4748326465716559,7.452690857674509,1.977015214897108,12.345486010320961,1.0281876902966844,8.864484806715026,-126.94484084493999,52.44953106845682,148.75469502378922,28951.938472000063,3902.4566046830064
625.0,0.03,15.0,1.23,3600.0,0.4,7.0,470.0,2412634.0,-0.47555318839785865,7.8193355090099885,2.094303366400416,12.684692808432263,1.0178712233850828,9.225349797682231,-126.75478872235637,54.62014231844165,149.55124955927312,21103.647505000015,2680.069771947996
626.0,0.03,15.0,1.23,3600.0,0.41,7.0,470.0,2412755.0,-0.476125155129514,8.303854678108632,2.17716372382486,13.594979825989387,1.0299472070478586,9.71875224827379,-126.56905879737985,58.06610263181504,150.8404109529982,20489.510229999993,2587.954397850997
627.0,0.03,15.0,1.23,3600.0,0.42,7.0,470.0,2412816.0,-0.4768210986830836,8.699460190915875,2.2947783298060314,13.982997531689367,1.0202966258286708,10.12184398414017,-126.36637621257192,60.36219609800176,151.62949227402225,20340.018387000026,2574.5302135099973
628.0,0.03,15.0,1.23,3600.0,0.43,7.0,470.0,2412875.0,-0.47750410263135795,9.153054075435694,2.4010006409999596,14.636596158252345,1.0198994662755914,10.571022089650247,-126.16146970574175,63.246174057058596,152.64597079846206,21388.316803000016,2719.659627944003
629.0,0.03,15.0,1.23,3600.0,0.4400000000000001,7.0,470.0,2412998.0,-0.47820548655741846,9.603951195577643,2.515378288461239,15.249874907903378,1.018719314340363,11.038303294676345,-125.9488305772545,66.14543761879666,153.6867605094325,30492.821595,4121.899041456001
630.0,0.03,15.0,1.23,3600.0,0.4500000000000001,7.0,470.0,2413035.0,-0.4788645490867619,10.081913561284592,2.633075988663635,15.897682559114367,1.016930246746139,11.52043420550758,-125.73021952340152,69.06471001892255,154.66182322775393,21250.850638999964,2686.719706420001
631.0,0.03,15.0,1.23,3600.0,0.46,7.0,470.0,2413146.0,-0.47959773077766005,10.606142215606,2.7203378083964305,16.89826914387962,1.0269703553377028,12.072072033088093,-125.5129173562821,72.88087495551741,156.09697111082937,20941.061657999984,2652.424306900001
632.0,0.03,15.0,1.23,3600.0,0.47,7.0,470.0,2413096.0,-0.48037472674156456,11.118656638857656,2.821605387032141,17.809914609217568,1.0335685174939968,12.590868375859513,-125.28742321099618,76.57287681802384,157.51925501805317,20341.229542000015,2588.312204246998
633.0,0.03,15.0,1.23,3600.0,0.48,7.0,470.0,2413162.0,-0.4811936259254594,11.59012519870989,2.9659769925285002,18.215666691237857,1.0243103928176727,13.038158738325421,-125.04493426099816,79.1505706288691,158.3855772690656,20803.937800000018,2627.0006400960006
634.0,0.03,15.0,1.23,3600.0,0.49,7.0,470.0,2413172.0,-0.48205358104743934,12.061274821185096,3.111862880657341,18.63004567764625,1.0178080995170649,13.513320482384227,-124.79736201831876,81.95926278548819,159.44012094193403,21238.067607999976,2685.3165897730005
635.0,0.03,15.0,1.23,3600.0,0.5,7.0,470.0,2413393.0,-0.4827364157235702,12.659267228575212,3.207885315911326,19.744816425087215,1.0249452789706042,14.128073523881833,-124.5566558082504,85.93710118570147,160.75371450049624,21381.99491099998,2724.7305623560046
636.0,0.03,15.0,1.23,3600.0,0.51,7.0,470.0,2413344.0,-0.4836450296642298,13.187861682158061,3.3203213610297238,20.537599889360056,1.0276750312996663,14.664881143418548,-124.30590935972612,89.64708367518521,162.24232895894494,21164.063378000006,2697.310340250002
637.0,0.03,15.0,1.23,3600.0,0.52,7.0,470.0,2413407.0,-0.48457431910248716,13.660871242917791,3.5044743999562953,20.695637828844117,1.0137083438156549,15.096656146861525,-124.03332272237407,91.9305207501643,163.00620385395865,20701.272794999997,2615.3314173920016
638.0,0.03,15.0,1.23,3600.0,0.53,7.0,470.0,2413528.0,-0.485394616930101,14.299400743909176,3.5942957895824583,21.950885489036434,1.0236014435747922,15.745426250715967,-123.77628099448793,96.43231964315768,164.6185923644016,20649.09431599997,2621.5248264679985
639.0,0.03,15.0,1.23,3600.0,0.54,7.0,470.0,2413607.0,-0.4863066186799224,14.851373040495611,3.7320280140195266,22.544855824647794,1.0191076259310559,16.27369457342612,-123.49974365163894,99.66612424278732,165.76391644183724,34260.36776200004,4672.85692387
640.0,0.03,15.0,1.23,3600.0,0.55,7.0,470.0,2413642.0,-0.4873161135704577,15.487519766068104,3.8233023323417976,23.872916133538475,1.029081614041086,16.919151678095808,-123.21737879942798,104.40352992197273,167.51801881135654,20996.10882299997,2649.7687218990004
641.0,0.03,15.0,1.23,3600.0,0.56,7.0,470.0,2413634.0,-0.48841316174717475,15.82184224705512,4.099075619130246,22.927463346751125,0.9951523410843464,17.170964525256213,-122.892795457826,104.66600086041088,167.53945058004416,21619.49021100003,2731.2136776549955
642.0,0.03,15.0,1.23,3600.0,0.5700000000000001,7.0,470.0,2413706.0,-0.48945843512889475,16.36134391171819,4.26793783690713,23.260795367106315,0.9868551852490665,17.667156386724916,-122.57698728004738,107.53334173726513,168.55309551485595,22327.658951000016,2831.7706250289966
643.0,0.03,15.0,1.23,3600.0,0.58,7.0,470.0,2413990.0,-0.49050591800957505,16.956482292953787,4.425611934015593,23.897239905288703,0.9835346295798908,18.217353889172315,-122.24802897858488,110.96490538079735,169.71624633795184,32776.89289300005,4441.883676739007
644.0,0.03,15.0,1.23,3600.0,0.59,7.0,470.0,2414246.0,-0.4917793236485115,17.41425734468536,4.645102188528444,23.796422627991628,0.9634699044261911,18.635363041020895,-121.8874165553221,112.48177412758075,169.87804548067655,21977.23827600002,2772.7967001189963
645.0,0.03,15.0,1.23,3600.0,0.6,7.0,470.0,2414349.0,-0.4929248212723678,18.020597831904315,4.818547637070497,24.358684085314387,0.9602040617258378,19.187083438356368,-121.50690955086762,115.93272141646534,171.0547179746874,21592.469000999998,2726.3606141969994
646.0,0.03,15.0,1.23,3600.0,0.61,7.0,470.0,2414287.0,-0.494229518173079,18.502582901881993,5.0214738088156565,24.557202481256365,0.9463076537813996,19.66417448621744,-121.0764657201403,118.09514057782584,171.42617261979473,21009.796542999982,2666.836374601003
647.0,0.03,15.0,1.23,3600.0,0.62,7.0,470.0,2414589.0,-0.49548359466633224,19.12056014804379,5.196990344814851,25.18630628276445,0.9455977400986472,20.23422525596216,-120.57073963366341,121.90732464266367,172.7399822447418,21039.347186999967,2658.2757383270045
648.0,0.03,15.0,1.23,3600.0,0.63,7.0,470.0,2414495.0,-0.4969097669082609,19.50305906974269,5.403115315589446,25.39031438262188,0.9307116952064842,20.73719306147656,-119.88313423195082,123.89000243748441,172.7394548400046,21189.215156000017,2683.393322142995
649.0,0.03,15.0,1.23,3600.0,0.64,7.0,470.0,2415096.0,-0.4983196248878973,19.9403989011574,5.596990309329673,25.807023707362028,0.9283446798015031,21.348810616359952,-118.75294039620188,127.52906975581242,173.58878661780523,22168.666412999974,2818.522297105
650.0,0.03,15.0,1.23,3600.0,0.65,7.0,470.0,2415427.0,-0.4995583213630346,21.139919174369645,5.734093644900152,26.795647326691128,0.954742543299533,22.013942692083276,-116.93923037477575,135.2860394014906,176.54166693822214,32358.322799000012,4392.167625281997
651.0,0.03,15.0,1.23,3600.0,0.66,7.0,470.0,2415413.0,-0.5013084778837178,21.304963611571356,5.958553113458896,26.63352802249961,0.947194146944073,22.51546180101568,-114.19415993953439,138.37794530314846,176.15959869413726,21315.722864000003,2695.686767313998
652.0,0.03,15.0,1.23,3600.0,0.67,7.0,470.0,2415427.0,-0.5028047646878238,22.27869539997849,6.068396815361447,27.27725056121653,0.9675354953361919,23.147180179155363,-111.51272523096509,145.66543922297447,178.40664149822774,20467.575689000016,2591.6556746280003
653.0,0.03,15.0,1.23,3600.0,0.6799999999999999,7.0,470.0,2415665.0,-0.5044832936378527,22.799849199264596,6.262391060235983,27.43177403745176,0.9722313276245964,23.701143490897028,-108.56596145357,150.77433331665029,179.14513698237093,21116.604544,2686.961792842003
654.0,0.03,15.0,1.23,3600.0,0.69,7.0,470.0,2416103.0,-0.5062140911992559,23.443903512694746,6.422209378267007,27.700613143646308,0.9811598530464171,24.284658808964373,-105.42545170371507,156.6671516687859,180.24121852892853,21109.321411999998,2668.4302184980033
655.0,0.03,15.0,1.23,3600.0,0.7,7.0,470.0,2416250.0,-0.5080202484793619,23.945330151763578,6.5735015445931175,27.90292918253811,0.9878668435308351,24.88896546358641,-102.01396370002313,162.3433352645111,181.04657262205302,28342.05540800002,3795.766849094002
656.0,0.03,15.0,1.23,3600.0,0.71,7.0,470.0,2416629.0,-0.509830930893359,24.546008074661067,6.702100443570467,28.183548584747662,0.9984540851321088,25.503035939437947,-98.38603505992256,168.80480021571282,182.2561422332182,21004.513621,2651.774976632998
657.0,0.03,15.0,1.23,3600.0,0.72,7.0,470.0,2416915.0,-0.5117034568829635,25.248758932309972,6.737514571673299,28.531313585182247,1.0106188701462036,26.11648019989049,-94.56768443210579,175.70834087445428,183.64195801750407,20859.04822800001,2647.9230346039994
658.0,0.03,15.0,1.23,3600.0,0.73,7.0,470.0,2416938.0,-0.5136578247165421,25.706905982739155,6.731640275963371,28.713347890628942,1.0182084592559233,26.778416675794297,-90.5249078554958,181.97948399807524,184.57408102844528,20908.63884600001,2641.3723833500053
659.0,0.03,15.0,1.23,3600.0,0.74,7.0,470.0,2417723.0,-0.5156416622947454,26.601965399986973,6.690108016394396,29.06121947664332,1.0310741741596732,27.35429192883342,-86.28617074841672,189.36222512258257,185.94081104914116,21075.196185000023,2659.871676119
660.0,0.03,15.0,1.23,3600.0,0.75,7.0,470.0,2418078.0,-0.5176830929974109,27.36711876195652,6.561964727709486,29.362210868900195,1.0431477494658528,27.99880610135823,-81.80281310254799,196.7924110688141,187.30512371143766,21173.781013999986,2687.1454999820007
661.0,0.03,16.66666666666667,1.23,3600.0,0.1,7.0,470.0,2415430.0,-0.4639623772719544,0.46531153618297655,0.1474151269554043,1.188812547232286,1.0884295111413858,0.7408017264768691,-129.92453978689733,3.650398832159234,131.03259768220903,31013.433471999968,4230.544351629008
662.0,0.03,16.66666666666667,1.23,3600.0,0.11,7.0,470.0,2415430.0,-0.4641191116673282,0.5849895492424763,0.17685893129371302,1.3660867177166058,1.0824421279784446,0.8733645971254649,-129.88123307014544,4.392684965099814,131.27261823986703,19910.473295000003,2513.1567129030004
663.0,0.03,16.66666666666667,1.23,3600.0,0.12,7.0,470.0,2415430.0,-0.4642932085213746,0.7130790748350045,0.2090258362488107,1.5588035069081885,1.0809700188075582,1.0191463812585941,-129.83424837666732,5.220548528383564,131.55474210580027,20243.58607399998,2553.7015640490026
664.0,0.03,16.66666666666667,1.23,3600.0,0.13,7.0,470.0,2415430.0,-0.4644759911970234,0.845316256598729,0.24389639165937582,1.7647786403899137,1.0747508571405529,1.1807387230910729,-129.78345315833536,6.091644022685478,131.8403671692817,20720.425769999973,2627.0583653139965
665.0,0.03,16.66666666666667,1.23,3600.0,0.14,7.0,470.0,2415430.0,-0.4646859114498856,0.9919321799781033,0.2813208697875173,1.987176887468756,1.0757979408429645,1.3478292283567543,-129.72900804755295,7.071748185760556,132.19249706772237,20593.79740399999,2604.7125183229996
666.0,0.03,16.66666666666667,1.23,3600.0,0.15,7.0,470.0,2415430.0,-0.46490488293444665,1.1467339603708586,0.321397990207651,2.219951087764904,1.070639265285413,1.5268578218871587,-129.67067888062715,8.079150088209513,132.5348881086061,30018.650914999987,4057.122070631003
667.0,0.03,16.66666666666667,1.23,3600.0,0.16,7.0,470.0,2415430.0,-0.465137176101162,1.3170722686538923,0.3637193694271512,2.4689084204718528,1.0687458753597343,1.7173971302037274,-129.60873729543806,9.176021192307186,132.91766129898863,20238.28717900002,2555.366492046
668.0,0.03,16.66666666666667,1.23,3600.0,0.17,7.0,470.0,2415430.0,-0.4653732047030345,1.496279251770004,0.4082452365034711,2.735968139673159,1.0675767520576422,1.9232850749470929,-129.54296874204798,10.347535643158036,133.32672668231226,20869.325758999978,2656.1693190809992
669.0,0.03,16.66666666666667,1.23,3600.0,0.18,7.0,470.0,2415430.0,-0.46562323212307133,1.6867356121212835,0.4550065081752469,3.0192296244746943,1.0652391184123617,2.141014595429903,-129.4734608459561,11.575295819959113,133.7467703257141,20154.776621000026,2548.963378917997
670.0,0.03,16.66666666666667,1.23,3600.0,0.19,7.0,470.0,2415430.0,-0.4659693415915635,1.8757179525402512,0.5060889046596367,3.284876748632334,1.0539599118774177,2.345489721223504,-129.3991691052951,12.760605619818419,134.14760139805782,20346.73672700001,2570.8991074189958
671.0,0.03,16.66666666666667,1.23,3600.0,0.2,7.0,470.0,2415430.0,-0.4662292863113189,2.1003745864000627,0.5568072306040632,3.620195535048663,1.064260625311943,2.5920687262618993,-129.32205277751035,14.27736276528471,134.72996946448035,21010.133512000008,2673.673502056
672.0,0.03,16.66666666666667,1.23,3600.0,0.21,7.0,470.0,2415430.0,-0.466542306766149,2.332135500125946,0.6104534675149276,3.960424072908772,1.0677390640456101,2.8394126331510554,-129.24080193599212,15.792239514923317,135.29061577721473,28897.585503000006,3902.8062887699984
673.0,0.03,16.66666666666667,1.23,3600.0,0.22,7.0,470.0,2415430.0,-0.4669360266281894,2.54669420421502,0.6704096214295682,4.237169726936312,1.0491789982020225,3.069511964116354,-129.1541392672995,17.030796167210205,135.66114991781245,20514.053986999985,2594.3278252169994
674.0,0.03,16.66666666666667,1.23,3600.0,0.23,7.0,470.0,2415430.0,-0.4672183787108706,2.8195075732637656,0.7271845683074317,4.646460246578967,1.0626850514691206,3.353513029660459,-129.0653930712163,18.8538588165358,136.3725864699415,19898.843938999973,2513.672407244997
675.0,0.03,16.66666666666667,1.23,3600.0,0.24,7.0,470.0,2415430.0,-0.4676226392799633,3.0791044719669656,0.7895556723948586,4.999917701128906,1.0602661722530846,3.6144680703982868,-128.97125101305937,20.482236912941374,136.97044201011173,20623.048785999974,2613.437019851999
676.0,0.03,16.66666666666667,1.23,3600.0,0.25,7.0,470.0,2415430.0,-0.4679219127888756,3.3531392265857236,0.85372752156304,5.3819780667354875,1.0575155761141162,3.913264198742338,-128.87321272747326,22.16699392021409,137.5380976340608,19803.91143500001,2497.8355469710013
677.0,0.03,16.66666666666667,1.23,3600.0,0.26,7.0,470.0,2415447.0,-0.4684266107695595,3.6569289905581512,0.9161347454657055,5.8069647360624215,1.0603973703343552,4.193706044716517,-128.77155620899225,24.041156179599717,138.23897787178913,20266.169223,2559.407290421002
678.0,0.03,16.66666666666667,1.23,3600.0,0.27,7.0,470.0,2415458.0,-0.4688477397202566,3.9358402625478557,0.9902376014891074,6.142180687743258,1.049849075278582,4.479135852007446,-128.66317184321525,25.668139878086087,138.78391731751373,30814.848102000025,4185.289777923999
679.0,0.03,16.66666666666667,1.23,3600.0,0.28,7.0,470.0,2415458.0,-0.4692089337718302,4.268933620942499,1.0571641524185689,6.62257195750365,1.0579847584158362,4.807275442408388,-128.5526403883037,27.818613558702346,139.61530877373295,20303.391428999978,2576.8280486180015
680.0,0.03,16.66666666666667,1.23,3600.0,0.29,7.0,470.0,2415458.0,-0.469674140826846,4.580125583107326,1.134891322951772,7.0035530735715845,1.050854843357258,5.114371487540882,-128.4351131994158,29.640036241504532,140.24220797374878,19951.369165999993,2519.293971763003
681.0,0.03,16.66666666666667,1.23,3600.0,0.3,7.0,470.0,2415522.0,-0.47014380111010606,4.934536829480416,1.208114659056949,7.483263762069017,1.0537872099525247,5.447551883056887,-128.31445147041046,31.80793122872211,141.0489155654693,20037.868913000024,2534.554459432001
682.0,0.03,16.66666666666667,1.23,3600.0,0.31,7.0,470.0,2415522.0,-0.4706309080314622,5.213190001095317,1.298913520368185,7.7349634377138345,1.0285154505039662,5.742705649590088,-128.18442187678352,33.14928790743042,141.34393717544654,21655.451762000022,2748.6035612589967
683.0,0.03,16.66666666666667,1.23,3600.0,0.32,7.0,470.0,2415538.0,-0.47112838211369223,5.587979293028591,1.3797119969030385,8.211068167648017,1.0304458857862229,6.093338788619268,-128.05218277766252,35.388743024875,142.16882755633858,32397.746683000016,4414.772730897004
684.0,0.03,16.66666666666667,1.23,3600.0,0.33,7.0,470.0,2415586.0,-0.4716408791988315,6.001687576086017,1.4560983084228478,8.804053740561006,1.041150355500969,6.470924711086281,-127.91614192866766,38.02606028834898,143.2094378808605,20540.046764999966,2592.1277952180003
685.0,0.03,16.66666666666667,1.23,3600.0,0.34,7.0,470.0,2415706.0,-0.4720368076890613,6.42321083972856,1.5389760004475557,9.358919279922793,1.0446741498141006,6.863967792309454,-127.77261492148733,40.50220456694082,144.08974557601977,20421.093514000037,2582.239028460999
686.0,0.03,16.66666666666667,1.23,3600.0,0.35,7.0,470.0,2415674.0,-0.47268779694694435,6.8694573192895545,1.613373208243419,10.013756993489084,1.056670315817494,7.241544484318528,-127.62465867119403,43.412577430902914,145.2991040967563,21370.681015999984,2708.313127931
687.0,0.03,16.66666666666667,1.23,3600.0,0.36,7.0,470.0,2415746.0,-0.4732057930224218,7.258531611447493,1.7151963249796653,10.403030043114445,1.0441921366504476,7.607221205336434,-127.46432351047308,45.386365054330284,145.86670937992534,20319.665541000002,2566.4464576770047
688.0,0.03,16.66666666666667,1.23,3600.0,0.37,7.0,470.0,2415770.0,-0.47372316776845724,7.691935370442202,1.8108977321972497,10.882827103508266,1.0392210537123716,7.994196615402115,-127.29901663702819,47.714610659701805,146.63377047518023,21018.753049000028,2656.333798587003
689.0,0.03,16.66666666666667,1.23,3600.0,0.38,7.0,470.0,2415778.0,-0.47434598467745176,8.125864872998873,1.9099807987089519,11.351289386859989,1.0339730931770856,8.37856245912951,-127.12637692222565,50.07447708341722,147.43515648794556,30321.523538999994,4093.477070780997
690.0,0.03,16.66666666666667,1.23,3600.0,0.39,7.0,470.0,2415908.0,-0.47485722368757644,8.58813222335079,2.0057059335616714,11.909487287298548,1.0313961966655882,8.816927729159172,-126.94847182519452,52.613202211446904,148.24142086327123,21615.92244300003,2743.938485188002
691.0,0.03,16.66666666666667,1.23,3600.0,0.4,7.0,470.0,2415974.0,-0.47541170435121094,9.1632281122199,2.0752228252510205,12.868840759053683,1.0494714305781905,9.31061130187066,-126.77092470611477,56.31584583625961,149.6688675439791,20906.51577900001,2639.142860741001
692.0,0.03,16.66666666666667,1.23,3600.0,0.41,7.0,470.0,2416005.0,-0.47605844072637593,9.722162886102279,2.156004853296911,13.738812354543462,1.0619665843691029,9.776639247665873,-126.58489679177093,59.87128297214659,151.06256042230896,20697.57344800001,2616.733716865997
693.0,0.03,16.66666666666667,1.23,3600.0,0.42,7.0,470.0,2416041.0,-0.47679361480794813,10.135956145100872,2.299314946604532,13.869638634117315,1.0410111067113923,10.137934318354363,-126.3775302805717,61.58769417910692,151.52238041550154,20670.90002699999,2622.4718397129936
694.0,0.03,16.66666666666667,1.23,3600.0,0.43,7.0,470.0,2416060.0,-0.47752656711267105,10.622242232747547,2.4181112848786688,14.313863362567448,1.0337736985333765,10.551336444473783,-126.16960723537123,64.10654523804206,152.37059914874584,31534.167548999994,4263.992560971002
695.0,0.03,16.66666666666667,1.23,3600.0,0.4400000000000001,7.0,470.0,2416115.0,-0.4782960856318476,11.136896442923195,2.5328286533081776,14.878626104989328,1.0338150571972502,10.99389812221425,-125.95801940204467,67.12560409192983,153.54137417053954,22377.219713999984,2821.6742331310024
696.0,0.03,16.66666666666667,1.23,3600.0,0.4500000000000001,7.0,470.0,2416185.0,-0.4788689499076149,11.79197298573773,2.6080554175314914,16.031833629323394,1.0480680179601918,11.57436740753897,-125.75020810941889,71.1794284535597,154.923407122847,21046.34882200001,2658.3052661750025
697.0,0.03,16.66666666666667,1.23,3600.0,0.46,7.0,470.0,2416299.0,-0.4795926670443777,12.347035223729401,2.730909900074109,16.622114882233443,1.0447303529713632,12.049959600557122,-125.5250832382366,74.14124645506621,155.91631008670873,21104.498564999976,2678.9536087690008
698.0,0.03,16.66666666666667,1.23,3600.0,0.47,7.0,470.0,2416292.0,-0.4803378091062757,12.958048286253154,2.8359328557475596,17.461045705972573,1.0489468642290907,12.576592391927832,-125.2991360941932,77.71219581843846,157.17971267273055,21517.32715,2720.1199309490007
699.0,0.03,16.66666666666667,1.23,3600.0,0.48,7.0,470.0,2416381.0,-0.4810704117250091,13.537151256049352,2.9415026555652126,18.205180317418872,1.0497985461264236,13.115758489761056,-125.06491861432127,81.12009265345216,158.38541854897892,21919.62252399995,2767.4422542920006
700.0,0.03,16.66666666666667,1.23,3600.0,0.49,7.0,470.0,2416442.0,-0.48189536458144755,14.159446160915484,3.0741787502826226,18.874964959017607,1.048077121058565,13.605670265072515,-124.82306607307699,84.39668364307082,159.50548958085957,21348.664409000005,2706.6518750379983
701.0,0.03,16.66666666666667,1.23,3600.0,0.5,7.0,470.0,2416460.0,-0.4826419602354291,14.826894872568175,3.141129912436614,20.22228092362331,1.063122596536132,14.277467444510528,-124.58879208015976,89.13809939501311,161.25911832203428,32122.163624000004,4319.723015477003
702.0,0.03,16.66666666666667,1.23,3600.0,0.51,7.0,470.0,2416663.0,-0.4834516276186841,15.393594682688397,3.329029763489233,20.275822870386403,1.0443237230754234,14.6961226977591,-124.32118491971276,91.09939750907887,161.7260124144685,20589.99858799999,2603.2560250860006
703.0,0.03,16.66666666666667,1.23,3600.0,0.52,7.0,470.0,2416925.0,-0.48431193002295503,16.025098440678825,3.4594519760948823,21.01224150103909,1.0432779101805765,15.245562475208363,-124.06297103570753,94.61210628792537,162.93272293061173,20524.307001000023,2594.1370622030004
704.0,0.03,16.66666666666667,1.23,3600.0,0.53,7.0,470.0,2416935.0,-0.4852675073755245,16.62176353029596,3.620685803529505,21.482503172261445,1.0362076850675672,15.725196046493716,-123.78966480105946,97.61993921595214,163.959455464431,21017.23963100002,2672.599368670001
705.0,0.03,16.66666666666667,1.23,3600.0,0.54,7.0,470.0,2417110.0,-0.48613732932382814,17.37314075670081,3.7085530062313987,22.624392019783368,1.0436994126496209,16.3621524706099,-123.52523400321058,102.07113820606273,165.52813395594782,20735.907167000023,2619.0347225549995
706.0,0.03,16.66666666666667,1.23,3600.0,0.55,7.0,470.0,2417227.0,-0.4871203840461769,17.978543752411166,3.8445658131308145,23.37852672396485,1.040767994338881,16.914244063433443,-123.23121424090203,105.58914954480244,166.70448343276422,20351.854490999973,2570.5811285299956
707.0,0.03,16.66666666666667,1.23,3600.0,0.56,7.0,470.0,2417153.0,-0.4881835525294874,18.568492853267156,4.044883140040813,23.490208265177255,1.027618982067059,17.35450010137045,-122.92427728111117,108.08070766733907,167.54690058859458,32774.50505500001,4445.4132767489955
708.0,0.03,16.66666666666667,1.23,3600.0,0.5700000000000001,7.0,470.0,2417784.0,-0.4892514166904513,19.298760419608612,4.181737471918715,24.33259853740177,1.026943769251228,17.930891940286017,-122.61621877249391,111.9016213670464,168.77385177032522,21465.673056999993,2727.7666297690002
709.0,0.03,16.66666666666667,1.23,3600.0,0.58,7.0,470.0,2417621.0,-0.49043966499167596,19.648952359156308,4.446906821763078,23.53037059957645,0.9971707562775927,18.229993541038414,-122.26946470144901,112.50336825059728,168.91660963051206,21149.32869499997,2675.5195995869994
710.0,0.03,16.66666666666667,1.23,3600.0,0.59,7.0,470.0,2417810.0,-0.49170393545004826,20.14176374730833,4.660728011573138,23.584223566093033,0.9809570019450569,18.66792999171751,-121.91284146460825,114.52333219205963,169.38152833997592,20810.512274000033,2629.320487810004
711.0,0.03,16.66666666666667,1.23,3600.0,0.6,7.0,470.0,2417895.0,-0.49260917713887664,21.276858980566388,4.73405420649426,25.367357604803697,1.0043028610005076,19.442798588537553,-121.54793972648348,121.25710402938819,171.98397437546978,20677.891567999992,2625.618383154997
712.0,0.03,16.66666666666667,1.23,3600.0,0.61,7.0,470.0,2418360.0,-0.494037399558913,21.583909966860187,4.992192547689648,24.891695539234156,0.9779943896060583,19.80686057330447,-121.1084883987172,122.04950944160129,171.88333921323004,29526.470568999972,3982.4769843460035
713.0,0.03,16.66666666666667,1.23,3600.0,0.62,7.0,470.0,2418342.0,-0.49541979230806343,22.14365433812651,5.2023882448219245,25.050723174034708,0.9643227682208892,20.264176831118334,-120.59815081174582,124.3213723771718,172.25858060081617,20475.061825000026,2586.925847025002
714.0,0.03,16.66666666666667,1.23,3600.0,0.63,7.0,470.0,2418833.0,-0.4967096253473014,22.894090592896426,5.370603688046358,25.66213427241615,0.9644831757326568,20.842521785589454,-119.91264984296289,128.38543193112235,173.52873143513688,20478.38871100003,2590.9622462969987
715.0,0.03,16.66666666666667,1.23,3600.0,0.64,7.0,470.0,2418674.0,-0.49819117652673356,23.449137240951107,5.582421238051454,25.821524616452177,0.954561740245593,21.343549311022223,-118.78061276574904,131.13057402778344,173.7145543870555,20402.50612499998,2593.527460604005
716.0,0.03,16.66666666666667,1.23,3600.0,0.65,7.0,470.0,2418914.0,-0.49961599258513584,24.241298923223265,5.768654445383055,26.28398090364122,0.9630139984836374,21.95428475203692,-116.9380403676493,136.4580961196056,175.14791746297047,20189.672509,2550.3359884979973
717.0,0.03,16.66666666666667,1.23,3600.0,0.66,7.0,470.0,2418757.0,-0.5010978750402679,25.144921375384882,5.956166612496268,26.894048416808168,0.9807671846430277,22.590160698962244,-114.33345772280285,143.28271375991636,177.03087437906763,19882.577625000027,2516.3071541100003
718.0,0.03,16.66666666666667,1.23,3600.0,0.67,7.0,470.0,2419359.0,-0.5027748264103743,25.659345488253656,6.148478103830764,26.942665179374025,0.9804976932715941,23.128194871424398,-111.52769004659575,147.61693791698303,177.26594432069592,28727.01603799999,3869.8373352390063
719.0,0.03,16.66666666666667,1.23,3600.0,0.6799999999999999,7.0,470.0,2419562.0,-0.5044441160405733,26.373128838269746,6.318247821722957,27.199324346572283,0.988390567027708,23.718988935963235,-108.59960814854415,153.28031978168326,178.2702379876992,20845.299239000007,2644.1906017900014
720.0,0.03,16.66666666666667,1.23,3600.0,0.69,7.0,470.0,2419724.0,-0.5061667607545297,27.060671306841595,6.499817030968337,27.437770099204734,0.9967335030061778,24.313891722803355,-105.4343594933081,159.15388140268885,179.27609073617893,20299.286422000016,2559.582908839999
721.0,0.03,16.66666666666667,1.23,3600.0,0.7,7.0,470.0,2419986.0,-0.5079072883306438,27.989654573564305,6.578730664119294,27.82243363868315,1.010559171482107,24.92387287567302,-102.04079973693472,166.07253037683859,180.79863836173354,20010.889437999995,2528.202011087
722.0,0.03,16.66666666666667,1.23,3600.0,0.71,7.0,470.0,2420178.0,-0.5096933586781109,28.95855974305738,6.6575113809721165,28.280019345552716,1.0258231366193915,25.533497003343427,-98.41477317552079,173.4319807112416,182.41716641383675,20580.272794,2613.152874649
723.0,0.03,16.66666666666667,1.23,3600.0,0.72,7.0,470.0,2420176.0,-0.5115742567240718,29.650739380233784,6.694195147355528,28.478370865344274,1.034041016239865,26.15304660380525,-94.60585911469437,179.78056488630256,183.41007200425807,28680.259324999988,3876.5624228209995
724.0,0.03,16.66666666666667,1.23,3600.0,0.73,7.0,470.0,2421052.0,-0.5134846704951312,30.70529603433323,6.645197122005433,29.033111966589836,1.0517732834473874,26.813717882906648,-90.5744646397194,187.97836304030236,185.35550467418662,20031.658739000013,2530.8688954740023
725.0,0.03,16.66666666666667,1.23,3600.0,0.74,7.0,470.0,2421178.0,-0.5154913415913696,31.460237780691024,6.5854564255468615,29.16839818283312,1.0591578991007065,27.410435141729156,-86.33824634124103,194.5199497342952,186.23366854473608,20055.428805000003,2538.6196274420004
726.0,0.03,16.66666666666667,1.23,3600.0,0.75,7.0,470.0,2421497.0,-0.5175672606775987,32.07565648015274,6.589966451175485,29.272375316852894,1.0656425597738752,28.018820580459845,-81.83030545310797,201.0361128448263,186.9095994692933,20727.817158999995,2632.9269407130005
727.0,0.03,18.33333333333334,1.23,3600.0,0.1,7.0,470.0,2411157.0,-0.46396332981877136,0.5475580984161937,0.1468977289188567,1.1902502165874842,1.1138731975900877,0.7308242828846683,-129.92407341367334,3.735732427350656,131.0442755142168,20338.913598000006,2567.402115837003
728.0,0.03,18.33333333333334,1.23,3600.0,0.11,7.0,470.0,2411157.0,-0.46411822867644337,0.6675972028841721,0.1763423947861794,1.3668410898594168,1.1057832568650408,0.8692845944811338,-129.88081866610997,4.4874061730780115,131.28815955717707,20223.792602999973,2554.356075088004
729.0,0.03,18.33333333333334,1.23,3600.0,0.12,7.0,470.0,2411157.0,-0.46428717340086495,0.8116759160850909,0.2082809402398253,1.560445635312929,1.1058687501782547,1.017277465053932,-129.83325838845175,5.3407970395859,131.5763754713459,29806.183623999998,4025.7088147320005
730.0,0.03,18.33333333333334,1.23,3600.0,0.13,7.0,470.0,2411157.0,-0.4644774252179972,0.9534769161232589,0.24306413560790732,1.7647588417132232,1.0988216150127514,1.1759254764276164,-129.78230474169243,6.228076096537253,131.8731554683577,21048.74884900003,2675.9678262649913
731.0,0.03,18.33333333333334,1.23,3600.0,0.14,7.0,470.0,2411157.0,-0.4646774541560887,1.1179340680986525,0.2801872697055613,1.9893430144777868,1.1008365874137127,1.346325033306242,-129.72753235379332,7.2363395060617215,132.23008247426677,20207.17331199999,2550.1975678169974
732.0,0.03,18.33333333333334,1.23,3600.0,0.15,7.0,470.0,2411157.0,-0.46491040810838946,1.2849907197857318,0.32030797228233593,2.217471959254307,1.0896503243416302,1.5217820074043344,-129.66882252887686,8.222609425477533,132.5468792956277,20483.43316700002,2590.640282460001
733.0,0.03,18.33333333333334,1.23,3600.0,0.16,7.0,470.0,2411157.0,-0.46511741123261124,1.4761370033208416,0.36159023513804434,2.4826864772619794,1.0967944599651749,1.7242888840517177,-129.6069819721665,9.416840280069442,132.97911965246334,20367.933629999978,2584.7370527580024
734.0,0.03,18.33333333333334,1.23,3600.0,0.17,7.0,470.0,2411157.0,-0.4653646508626655,1.667468257863176,0.406564445525753,2.7403914098444413,1.088897113353193,1.9248674962038042,-129.54071547170724,10.55418420309106,133.35560806536114,32985.84492299997,4491.201663373004
735.0,0.03,18.33333333333334,1.23,3600.0,0.18,7.0,470.0,2411157.0,-0.4656135794176898,1.8817112928506703,0.4525391742308261,3.039816441779876,1.0936640681673846,2.147083122685733,-129.47116803779687,11.884172199351045,133.8341902056008,20298.305837000007,2561.9447136880003
736.0,0.03,18.33333333333334,1.23,3600.0,0.19,7.0,470.0,2411157.0,-0.46590724138065337,2.0990148212567394,0.5017913074364447,3.328865382379087,1.090588515176472,2.366544214615395,-129.3971179737587,13.20407899659173,134.30498124466277,20245.73864200002,2554.572757591997
737.0,0.03,18.33333333333334,1.23,3600.0,0.2,7.0,470.0,2411157.0,-0.4661974100643862,2.3336520489432666,0.5535620691235256,3.6370000140610665,1.0868623596624638,2.6006282937196046,-129.31924231920573,14.58057154025224,134.77497143361055,20441.81520800002,2592.2514702620015
738.0,0.03,18.33333333333334,1.23,3600.0,0.21,7.0,470.0,2411157.0,-0.46654746350056375,2.579383554233686,0.6084548510398319,3.9556860376048446,1.0858753373254144,2.8345547855410596,-129.2371312866498,16.06048143018827,135.31953348841864,20597.02374500001,2598.2010749489996
739.0,0.03,18.33333333333334,1.23,3600.0,0.22,7.0,470.0,2411157.0,-0.46686738668057487,2.839750570754561,0.6649222231075133,4.296046766087917,1.0840355994683817,3.089246552945154,-129.15123111702852,17.596605883442038,135.85787088757536,20673.654188000008,2613.396696574001
740.0,0.03,18.33333333333334,1.23,3600.0,0.23,7.0,470.0,2411157.0,-0.46727509160504216,3.103539293003997,0.7277585539569537,4.5763169621977475,1.0627426186159254,3.3234924746379955,-129.05990288127822,18.8548801566373,136.18367575411884,20754.559410999973,2632.5534467549987
741.0,0.03,18.33333333333334,1.23,3600.0,0.24,7.0,470.0,2411168.0,-0.4675430540359962,3.4042356022812807,0.7829696870975426,5.0471077461802825,1.084590502909043,3.6351129510637206,-128.9675900179931,20.952134676618343,137.05029870798862,20576.595470000007,2611.678024841996
742.0,0.03,18.33333333333334,1.23,3600.0,0.25,7.0,470.0,2411168.0,-0.4679923977159256,3.6973365692235043,0.8495729722298226,5.383326291534193,1.0784027156769285,3.8945609621907593,-128.8682329535722,22.60481734916148,137.64825350755538,26129.675543000005,3451.3419810579953
743.0,0.03,18.33333333333334,1.23,3600.0,0.26,7.0,470.0,2411168.0,-0.4683894525615485,4.020236785220486,0.911242239659559,5.821403574783847,1.0821595480975763,4.197483395981287,-128.7662775862037,24.53454472341402,138.35045631397256,20620.219161999976,2624.2972682510017
744.0,0.03,18.33333333333334,1.23,3600.0,0.27,7.0,470.0,2411168.0,-0.46881483123961076,4.35171818498905,0.9771085212774635,6.2449912537060674,1.0798316493927294,4.497848932261655,-128.65929006563871,26.401194680332658,138.98881785373715,25125.600711999963,3293.145669079999
745.0,0.03,18.33333333333334,1.23,3600.0,0.28,7.0,470.0,2411168.0,-0.46924925354253827,4.696271780489146,1.0475638074168845,6.662110097439404,1.0766742180100943,4.806777918162827,-128.5471892190259,28.31003354366707,139.64449915918473,20745.77252199999,2641.502789926997
746.0,0.03,18.33333333333334,1.23,3600.0,0.29,7.0,470.0,2411232.0,-0.46967224550752135,5.013727080908031,1.133588163514019,6.914766591557166,1.0547756668398987,5.090579242220287,-128.42688223999437,29.750625587746427,140.02484674954133,20624.138315999953,2603.5759018759995
747.0,0.03,18.33333333333334,1.23,3600.0,0.3,7.0,470.0,2411232.0,-0.47013816972903205,5.400913375006753,1.2009636352347692,7.466074897184733,1.0679371548591696,5.43931005394641,-128.30706870668374,32.2350387796868,141.0348455249979,20303.092106,2568.185910077001
748.0,0.03,18.33333333333334,1.23,3600.0,0.31,7.0,470.0,2411248.0,-0.470555023058065,5.769774763207822,1.2820293468220711,7.878189327290277,1.0616350398092371,5.778189681594962,-128.178929033958,34.21673983605076,141.68748575109362,32529.638947999993,4430.866102861998
749.0,0.03,18.33333333333334,1.23,3600.0,0.32,7.0,470.0,2411336.0,-0.47095946728132154,6.180885802677284,1.3618114666088847,8.378247251570453,1.062182632370013,6.14485857745805,-128.04659137786993,36.478682423723065,142.4594707032783,20360.732345999997,2581.508313496002
750.0,0.03,18.33333333333334,1.23,3600.0,0.33,7.0,470.0,2411280.0,-0.4715643307675371,6.562493134610478,1.4513369686753357,8.747797791352841,1.0541770842697085,6.4642082050954865,-127.90585866071599,38.50183707784234,143.18185963882416,20643.707193,2604.071094221999
751.0,0.03,18.33333333333334,1.23,3600.0,0.34,7.0,470.0,2411376.0,-0.4720002295520682,7.027548809217001,1.523773781168908,9.386213015904016,1.0620898434830477,6.865695640222739,-127.76367471387366,41.17741414093132,144.1378576082923,20651.79730400003,2608.489459895002
752.0,0.03,18.33333333333334,1.23,3600.0,0.35,7.0,470.0,2411368.0,-0.4725955678275186,7.452295282549698,1.6158085117513474,9.824703022161884,1.0568454088798473,7.218393280658694,-127.61081397935955,43.41977100965046,144.91938489188837,29731.931656999965,4019.292065283006
753.0,0.03,18.33333333333334,1.23,3600.0,0.36,7.0,470.0,2411400.0,-0.4731509269398149,7.884105988691893,1.7132066175375,10.21217977525337,1.0472493177887985,7.5729291655306525,-127.44989060994742,45.519247054023836,145.58671611695786,21232.33487400002,2706.9242353510053
754.0,0.03,18.33333333333334,1.23,3600.0,0.37,7.0,470.0,2411464.0,-0.4737624425901229,8.40025253973766,1.7936409329356755,10.88173657532874,1.0549252473611053,7.984627944820927,-127.2872023217071,48.43565021427696,146.66259454316108,20725.735030999997,2620.521731479998
755.0,0.03,18.33333333333334,1.23,3600.0,0.38,7.0,470.0,2411488.0,-0.4742967599784177,8.846192709199535,1.898169505091443,11.28394941747318,1.0467239612452393,8.364464889593226,-127.11214020413085,50.69199126737975,147.41135495015322,21515.338254999984,2724.952798929999
756.0,0.03,18.33333333333334,1.23,3600.0,0.39,7.0,470.0,2411584.0,-0.4749355493083045,9.368688152724108,1.9878433306823702,11.917378451937147,1.0499635326695795,8.790988747774986,-126.93458875809323,53.56035230455761,148.4300423795322,21341.33000200001,2698.4946224800005
757.0,0.03,18.33333333333334,1.23,3600.0,0.4,7.0,470.0,2411700.0,-0.4754240201886878,9.94497425298835,2.0791330338553697,12.631613947982599,1.0552755289050113,9.264713823882387,-126.75139631029573,56.62730043813633,149.45826168972334,21817.973071000022,2774.848546900002
758.0,0.03,18.33333333333334,1.23,3600.0,0.41,7.0,470.0,2411656.0,-0.47614937064938684,10.426265208175892,2.1934155698436926,13.022234137722533,1.0492675929157396,9.637795695240678,-126.55578566162148,59.15534245014148,150.43141750078016,21368.706581,2702.5628904820005
759.0,0.03,18.33333333333334,1.23,3600.0,0.42,7.0,470.0,2411738.0,-0.4767595010182133,11.135883470326906,2.2507452125255054,14.18302607561056,1.070007071425906,10.185453347974875,-126.36890725479631,63.303136594420906,151.91693574277934,31305.796885999996,4238.440250059
760.0,0.03,18.33333333333334,1.23,3600.0,0.43,7.0,470.0,2411761.0,-0.47743613299793103,11.63196352093769,2.384094277204648,14.510680277691378,1.058939394070631,10.591252479761673,-126.15722957019085,65.66712450378903,152.7063635183845,21812.915688,2754.284592866
761.0,0.03,18.33333333333334,1.23,3600.0,0.4400000000000001,7.0,470.0,2411869.0,-0.478169446023254,12.259473158963907,2.4842630635642213,15.228133522929234,1.0632087394039558,11.062109093623716,-125.94736371168922,69.03413566232545,153.9475205349336,21948.41529399999,2786.8355064300026
762.0,0.03,18.33333333333334,1.23,3600.0,0.4500000000000001,7.0,470.0,2412042.0,-0.47875283711039496,12.979756998972947,2.557171487155138,16.321586734670085,1.073324341298653,11.632551924929125,-125.73779201609975,72.89470897854777,155.14143384892023,20996.463415999966,2653.7232718669966
763.0,0.03,18.33333333333334,1.23,3600.0,0.46,7.0,470.0,2412003.0,-0.4795061207751323,13.542835193774184,2.6849703030207146,16.80462804040557,1.0669334088592224,12.087426417834205,-125.51056578733578,75.71692790622288,156.10763373852402,31317.842351,4244.414914455998
764.0,0.03,18.33333333333334,1.23,3600.0,0.47,7.0,470.0,2412182.0,-0.4802222521324436,14.189419732807838,2.8058117696529434,17.452595464007373,1.064774012757049,12.586854160122723,-125.27907535821402,78.88476471358089,157.12915894520404,21263.698532999995,2684.828038644002
765.0,0.03,18.33333333333334,1.23,3600.0,0.48,7.0,470.0,2412147.0,-0.48107896393631355,14.8278079590344,2.9044488530019765,18.249403293347967,1.0700000357200445,13.095380883154299,-125.04668378865756,82.68110330032243,158.65074610044138,21347.971103999993,2695.7875742140027
766.0,0.03,18.33333333333334,1.23,3600.0,0.49,7.0,470.0,2412164.0,-0.4818382509456572,15.510379019235412,3.0304410316936106,18.956675239441488,1.0684421927259486,13.623205216661441,-124.80471722133244,86.03658635284918,159.72060306714968,21494.143370999995,2728.0559681899967
767.0,0.03,18.33333333333334,1.23,3600.0,0.5,7.0,470.0,2412268.0,-0.48255745144604306,16.27451843715063,3.1076531690576368,20.09808818821037,1.0769268912531702,14.236566289862983,-124.56675152047875,90.29552808533978,161.1454535215369,21328.856362000017,2690.5438762549993
768.0,0.03,18.33333333333334,1.23,3600.0,0.51,7.0,470.0,2412279.0,-0.48353789845799766,16.702428771324684,3.342576856753605,19.7780890473181,1.053881000091108,14.569793696090489,-124.28995791392863,91.93310659632654,161.83017613876828,22093.667592999984,2789.476571222998
769.0,0.03,18.33333333333334,1.23,3600.0,0.52,7.0,470.0,2412411.0,-0.4843726488264305,17.603147149604176,3.3705708160442676,21.440007286817625,1.074119786140003,15.275453269215049,-124.05073923557796,97.40907420789905,163.7706349217959,22182.404909,2811.5244265499987
770.0,0.03,18.33333333333334,1.23,3600.0,0.53,7.0,470.0,2412589.0,-0.4851969278974403,18.297460270603963,3.5374641288652393,21.8304200632235,1.0648206505123885,15.77584407036676,-123.77732924167906,100.31553391937253,164.65167462799212,32741.251323000022,4441.829643253995
771.0,0.03,18.33333333333334,1.23,3600.0,0.54,7.0,470.0,2412676.0,-0.48613982467733535,18.873542046008172,3.722899252727364,22.058573329307446,1.0535545402525222,16.234187042142693,-123.49093306816472,103.03494452750195,165.636675925481,21722.575112999995,2741.427757479005
772.0,0.03,18.33333333333334,1.23,3600.0,0.55,7.0,470.0,2412769.0,-0.48679909312489383,19.992543582577337,3.5890612753725195,25.025041758321787,1.095043810509177,17.205934134064275,-123.25827424884368,111.09559987902134,168.5412933775291,21410.855015000005,2703.0545939400035
773.0,0.03,18.33333333333334,1.23,3600.0,0.56,7.0,470.0,2412926.0,-0.48818990830187714,20.13489533787543,4.054249052302925,22.87256369455337,1.0362859468150774,17.217475084538943,-122.8960990937292,108.99226311701506,167.60917904147362,22995.346451999976,2916.8917267980028
774.0,0.03,18.33333333333334,1.23,3600.0,0.5700000000000001,7.0,470.0,2413328.0,-0.48919964107502656,20.932505654502453,4.18209213561231,23.737605497646076,1.0368710974853506,17.800003104778636,-122.58877543631658,112.98335939253843,168.91992843631556,33921.627875,4577.133003742996
775.0,0.03,18.33333333333334,1.23,3600.0,0.58,7.0,470.0,2413315.0,-0.49032300817695257,21.487863801019664,4.399118020886889,23.74125541948686,1.0197061426247025,18.246123801081474,-122.24997271090515,115.04586847226699,169.42148014069727,21477.364897999967,2709.9181955679974
776.0,0.03,18.33333333333334,1.23,3600.0,0.59,7.0,470.0,2413503.0,-0.4914619428346036,22.23023634378349,4.56215262272801,24.32820343613912,1.0175919588371745,18.793729492659267,-121.90093303471643,118.80033651506139,170.78694765446792,21508.462095999992,2717.4032613199993
777.0,0.03,18.33333333333334,1.23,3600.0,0.6,7.0,470.0,2414068.0,-0.4923120330827269,24.015415938043425,4.434734347852087,27.61102774283855,1.0635236876768732,19.832212730453108,-121.58149796209076,128.40728374096304,174.09539094386662,20782.29374600006,2635.265746643995
778.0,0.03,18.33333333333334,1.23,3600.0,0.61,7.0,470.0,2413864.0,-0.493934693753831,23.646584590474546,4.949373264723566,24.955106593548027,0.9966521303853381,19.79640328698246,-121.08436341800947,124.37791554863114,172.114811230912,21127.280695999994,2665.176235354001
779.0,0.03,18.33333333333334,1.23,3600.0,0.62,7.0,470.0,2414264.0,-0.4950846896970096,24.525142071273002,5.101916596437839,25.80488502794584,1.002745716568499,20.419546970103262,-120.58169513061797,129.27489398505094,174.00509844990896,20965.252148999996,2648.689365590996
780.0,0.03,18.33333333333334,1.23,3600.0,0.63,7.0,470.0,2414312.0,-0.49659546801569465,25.210769813410316,5.346527921885721,25.61133226125987,0.9831004449956424,20.809624151763792,-119.8865616920578,130.86363602617118,173.7719435699093,22096.279968999985,2800.203371452005
781.0,0.03,18.33333333333334,1.23,3600.0,0.64,7.0,470.0,2414885.0,-0.49797404628242165,26.067948850026756,5.532356183039538,26.21649258560859,0.987637430775683,21.41540701710211,-118.75938111531164,135.67426575846196,175.20144223799662,31420.405595999957,4229.178242564997
782.0,0.03,18.33333333333334,1.23,3600.0,0.65,7.0,470.0,2415071.0,-0.49938081465267087,26.977146193417667,5.698695197761205,26.748417384086792,0.9951718239775695,22.030805632801854,-116.9649679658441,141.01482701776303,176.52473057553962,21668.595726000025,2734.2338905359975
783.0,0.03,18.33333333333334,1.23,3600.0,0.66,7.0,470.0,2415310.0,-0.501001256416714,27.765073401718123,5.9188088240973205,26.856507244018356,0.9986767202657107,22.569746859213925,-114.39680082009555,145.89916229773314,177.18582678878096,20107.166175999988,2538.688327362001
784.0,0.03,18.33333333333334,1.23,3600.0,0.67,7.0,470.0,2415346.0,-0.5025304310191,28.71991477697844,6.057162581274304,27.418001392446172,1.0142133393515005,23.217678439849415,-111.69315268186695,152.6929319436512,178.9733274349698,20434.508156,2591.4030411880026
785.0,0.03,18.33333333333334,1.23,3600.0,0.6799999999999999,7.0,470.0,2415440.0,-0.5042960880221207,29.44087045568987,6.252316698121209,27.37605867307765,1.0140320496531239,23.713066869027724,-108.69768818152033,157.25681934330856,179.17219482891244,21243.595633999994,2685.7607902299997
786.0,0.03,18.33333333333334,1.23,3600.0,0.69,7.0,470.0,2415439.0,-0.5060513306001418,30.130075282778282,6.463462953437967,27.51311151366664,1.018664382535702,24.270079109697903,-105.42877265970321,162.65570469765333,179.70774849777578,20541.922207999967,2595.134343724994
787.0,0.03,18.33333333333334,1.23,3600.0,0.7,7.0,470.0,2415729.0,-0.5077322217389264,31.27731089825408,6.469924908063625,28.113447649501474,1.0389084938444726,24.959150001273866,-102.07239587605716,170.73138047888835,181.98394289785244,20532.299379000004,2607.451807768001
788.0,0.03,18.33333333333334,1.23,3600.0,0.71,7.0,470.0,2416099.0,-0.5095635574725264,32.20812412061262,6.5261408808939,28.362832485119537,1.048051632099849,25.54009678920546,-98.42015011851817,177.1900671315881,182.97302297427478,32628.228154000004,4434.775012445996
789.0,0.03,18.33333333333334,1.23,3600.0,0.72,7.0,470.0,2416309.0,-0.5115119533723973,32.7251386336553,6.668270164209863,28.391049190666788,1.049404280691828,26.094283342055355,-94.58108882316394,182.4516546383466,183.15400213092323,20713.580905999996,2618.043108574997
790.0,0.03,18.33333333333334,1.23,3600.0,0.73,7.0,470.0,2416314.0,-0.5133918694359328,33.92005534337046,6.5436831678235885,28.77733479052608,1.0655694787441745,26.73789539559969,-90.57056520467404,190.44409044457154,185.03568695192575,21517.67791500001,2716.432259287002
791.0,0.03,18.33333333333334,1.23,3600.0,0.74,7.0,470.0,2417093.0,-0.5153619692332765,35.27726186303965,6.470516611015147,29.496283252125668,1.0879767224212682,27.495642179496983,-86.39387854254345,199.81267905112037,187.46685368798637,21505.12810300001,2728.7733519880003
792.0,0.03,18.33333333333334,1.23,3600.0,0.75,7.0,470.0,2418250.0,-0.5172736639702266,36.42223802752662,6.281802463752722,30.381510845118765,1.1117772163360669,28.361914834488147,-81.93397540033344,209.73953026901597,190.22603949846314,29173.74046100002,3910.0025871300027
793.0,0.03,20.0,1.23,3600.0,0.1,7.0,470.0,2408947.0,-0.46396257604450847,0.6275769177964229,0.146872380634144,1.1848080834663348,1.1291652066136497,0.7273470016627965,-129.92452298358864,3.7870191035291083,131.02493770355807,20131.533534000027,2545.079066602999
794.0,0.03,20.0,1.23,3600.0,0.11,7.0,470.0,2408947.0,-0.46411727606516295,0.7641023499795767,0.17632060757745457,1.3613883837746328,1.122099626538398,0.8671503295602598,-129.88169061342094,4.553620033289663,131.26634897581863,20237.419610999998,2556.3771278829977
795.0,0.03,20.0,1.23,3600.0,0.12,7.0,470.0,2408947.0,-0.4642863053108615,0.9333877587356302,0.20819787079843596,1.5553049096169134,1.124396126906317,1.0150897703850716,-129.83446121910973,5.43027507101101,131.5527559805847,20241.887188000015,2573.5917175349987
796.0,0.03,20.0,1.23,3600.0,0.13,7.0,470.0,2408947.0,-0.46447137590282495,1.0936109049866105,0.24298841126724438,1.7587439204976087,1.114219810460479,1.1756646132568935,-129.78410146017603,6.315352440292729,131.82844605046043,20537.96168899999,2598.403425614996
797.0,0.03,20.0,1.23,3600.0,0.14,7.0,470.0,2408947.0,-0.46466885593423385,1.2832687095430582,0.2802068508553208,1.9821209149077834,1.1140588224886019,1.3460655005083402,-129.72935444297931,7.323255750602263,132.16094821776707,20134.17595300001,2540.1012954959997
798.0,0.03,20.0,1.23,3600.0,0.15,7.0,470.0,2408947.0,-0.46490352567132315,1.4557734813133345,0.32076782297895295,2.2004436112768526,1.0964414837898855,1.5166189162632029,-129.67057909569962,8.273856188261654,132.45083145212894,20439.64370400001,2594.267791522
799.0,0.03,20.0,1.23,3600.0,0.16,7.0,470.0,2408947.0,-0.465123075129295,1.6962615845808224,0.3618125647596828,2.4731360002323077,1.117473195615927,1.7151708466708653,-129.60912637035426,9.594383436900358,132.95712881101096,29264.21525999994,3950.3941030199985
800.0,0.03,20.0,1.23,3600.0,0.17,7.0,470.0,2408947.0,-0.4653596578910048,1.917693383559035,0.40712017178723925,2.725463861980855,1.1038785406792684,1.9153140299375275,-129.54328191735326,10.69939236067145,133.27708283076004,20096.38246100002,2538.012712052
801.0,0.03,20.0,1.23,3600.0,0.18,7.0,470.0,2408947.0,-0.46562329682113396,2.155348181938053,0.4535609454561468,3.0112997078342856,1.1065568074010192,2.1317197987814653,-129.47369069255993,12.024269636611272,133.74603169516126,20046.671013999992,2528.332650856998
802.0,0.03,20.0,1.23,3600.0,0.19,7.0,470.0,2408947.0,-0.46589675819345416,2.408831605830357,0.5033785415903141,3.294487590830346,1.0997136097860116,2.3506807932468625,-129.39988806634486,13.31455922666849,134.15706876151546,20470.067817999978,2595.4908357020013
803.0,0.03,20.0,1.23,3600.0,0.2,7.0,470.0,2408947.0,-0.466215885885736,2.670718464229986,0.5547012037078506,3.6069170729640154,1.1027699671081086,2.5818979388345795,-129.32240717384974,14.793976675073088,134.7021491691864,28344.854540000008,3814.9643611859997
804.0,0.03,20.0,1.23,3600.0,0.21,7.0,470.0,2408947.0,-0.4665046725505416,2.957427887190222,0.6094864271276499,3.9242542602689623,1.0982983680762695,2.825415808947386,-129.24078528396998,16.244222461798948,135.16842336223473,20368.409590000017,2573.1917361500023
805.0,0.03,20.0,1.23,3600.0,0.22,7.0,470.0,2408947.0,-0.46681761032158386,3.247788466120041,0.6657755977969235,4.270262478763629,1.097705642769445,3.0837410292946994,-129.15542389005438,17.81850483629595,135.706361154375,19996.910557999985,2523.6783647429943
806.0,0.03,20.0,1.23,3600.0,0.23,7.0,470.0,2408947.0,-0.46726324936888136,3.547520690209742,0.7286970121412067,4.541460353581597,1.0789273825747574,3.309564298084544,-129.0643413829396,19.142025679421206,136.07912470834373,20411.49033399998,2587.755953910999
807.0,0.03,20.0,1.23,3600.0,0.24,7.0,470.0,2408947.0,-0.46756529721112355,3.878530249269699,0.7857604544352952,4.98672828488932,1.098370555363776,3.6065688637772038,-128.97191777470192,21.218337924856307,136.93266784718668,20095.370593,2540.9402506189995
808.0,0.03,20.0,1.23,3600.0,0.25,7.0,470.0,2408947.0,-0.46801013259194507,4.2222572826069715,0.8534127997900041,5.298260260029613,1.0843831053498525,3.863109111457577,-128.87274707343823,22.730174615299667,137.3658822348537,20090.780868000023,2541.3828042580003
809.0,0.03,20.0,1.23,3600.0,0.26,7.0,470.0,2408958.0,-0.46828859759233105,4.569035761995344,0.9105526763874094,5.818463066638319,1.1016928947804945,4.196929910642785,-128.7727279857608,24.977401572602794,138.2551481426997,20351.17160900001,2589.1419280269965
810.0,0.03,20.0,1.23,3600.0,0.27,7.0,470.0,2408958.0,-0.4688199702941485,4.935372203251959,0.9878146853979022,6.08803457350231,1.0839509802618519,4.451566007998664,-128.6633034127935,26.501909691130408,138.70242563377312,31296.407360000037,4248.611750245998
811.0,0.03,20.0,1.23,3600.0,0.28,7.0,470.0,2408958.0,-0.4691468924324135,5.324177522455911,1.0493716002993319,6.621741428457542,1.0968475535361413,4.794728091101371,-128.55394852752124,28.84047050953547,139.6044003947426,20354.685642000015,2573.7846441010042
812.0,0.03,20.0,1.23,3600.0,0.29,7.0,470.0,2409022.0,-0.46964223102233704,5.7243635007051195,1.1216675661090483,7.073675361256429,1.0965773237459764,5.110199442590357,-128.43807620575802,30.929668186715354,140.3378385218124,20250.077582999977,2564.173309365999
813.0,0.03,20.0,1.23,3600.0,0.3,7.0,470.0,2409022.0,-0.4701486543321282,6.141348116316046,1.197665908183731,7.496051053593799,1.091380544716616,5.428674201400927,-128.3164657244384,32.94266336016292,140.9953898051068,20274.19488500002,2581.514667369005
814.0,0.03,20.0,1.23,3600.0,0.31,7.0,470.0,2409022.0,-0.47060129333099743,6.567744852347899,1.283638159238143,7.827374961501234,1.077356452255239,5.743050594338964,-128.18780031321336,34.72344455033443,141.48943629612154,30467.63572000002,4118.250193822998
815.0,0.03,20.0,1.23,3600.0,0.32,7.0,470.0,2409070.0,-0.471040062496363,7.016785007342894,1.372033016204896,8.172829052165868,1.0677734210550553,6.065559782653014,-128.05346617531865,36.67068763895127,142.0969469559032,20434.876603000037,2578.5641221359997
816.0,0.03,20.0,1.23,3600.0,0.33,7.0,470.0,2409086.0,-0.471582668815952,7.479797004800483,1.444487467187993,8.797261368509497,1.0797786952030148,6.447253684178228,-127.91814089606622,39.43688780868544,143.18622918007546,20342.329034000017,2570.0128342330004
817.0,0.03,20.0,1.23,3600.0,0.34,7.0,470.0,2409134.0,-0.4720252744603574,7.998148022294676,1.5088821115848159,9.564711559984465,1.0968355231881417,6.866048241920005,-127.77895012977078,42.52451038858285,144.3656705825696,21025.16787699999,2664.5393040680024
818.0,0.03,20.0,1.23,3600.0,0.35,7.0,470.0,2409166.0,-0.4726466328097416,8.475698100848387,1.606125537727014,9.93831482250496,1.0849838699900958,7.2030220797498865,-127.62599692515487,44.57582044479528,144.97865682911987,20372.87494900001,2569.864124483001
819.0,0.03,20.0,1.23,3600.0,0.36,7.0,470.0,2409238.0,-0.4731063347785788,8.977835462936945,1.69786094162057,10.418908484656582,1.0813117608112328,7.596211764175062,-127.46750705716767,46.99978920656072,145.7764796103392,20270.93427200001,2558.9355216209983
820.0,0.03,20.0,1.23,3600.0,0.37,7.0,470.0,2409294.0,-0.4736580240152217,9.522090734719697,1.7859114827813345,11.008801724410592,1.0832699537906672,7.990858237286162,-127.30393057141694,49.737064024860146,146.7333324170793,20550.97211099998,2606.6270312699958
821.0,0.03,20.0,1.23,3600.0,0.38,7.0,470.0,2409318.0,-0.47428950244322554,10.063870009265184,1.8841450429868,11.460601745042823,1.0778620719127838,8.373359282660422,-127.13160047292266,52.19998467584635,147.5496090688138,29682.709138000013,3998.382434350995
822.0,0.03,20.0,1.23,3600.0,0.39,7.0,470.0,2409422.0,-0.47488317353686404,10.632710645276129,1.9828022780920047,11.994274426266797,1.0750206909583495,8.77575835085656,-126.95305503956764,54.838558817392695,148.40606815646885,20492.41243699998,2588.894110863997
823.0,0.03,20.0,1.23,3600.0,0.4,7.0,470.0,2409489.0,-0.4753825573462853,11.237143655755697,2.074765035372379,12.69221299804514,1.078797680037543,9.232626223934114,-126.77060262429804,57.889526162744275,149.42338087393497,20186.553492999963,2551.769773332004
824.0,0.03,20.0,1.23,3600.0,0.41,7.0,470.0,2409482.0,-0.4761389161394269,11.800066167267367,2.194898120518587,12.98159841686423,1.0672899158713298,9.597795967898564,-126.57421116840824,60.171400406551285,150.17125290241077,21068.852835999995,2672.8101777900006
825.0,0.03,20.0,1.23,3600.0,0.42,7.0,470.0,2409621.0,-0.47671129943811524,12.460532760944654,2.2808418441867193,13.862158366231082,1.076466350969015,10.094915035864195,-126.38147637161708,63.68527673735856,151.368305101749,20611.783541,2599.4800204030084
826.0,0.03,20.0,1.23,3600.0,0.43,7.0,470.0,2409661.0,-0.47744182642213384,13.077970764944961,2.393308692741816,14.408532689388702,1.0753789693705431,10.526270389575942,-126.17571087786365,66.686578160961,152.45620650217325,20136.76775299997,2542.8877515330005
827.0,0.03,20.0,1.23,3600.0,0.4400000000000001,7.0,470.0,2409813.0,-0.47797932003701316,13.885053826493532,2.4637477295875585,15.500125917923507,1.0897354385273497,11.083964998279903,-125.97454547123147,70.75651404212007,153.79816704106702,30725.83141300001,4145.074517782001
828.0,0.03,20.0,1.23,3600.0,0.4500000000000001,7.0,470.0,2409798.0,-0.47884528967651435,14.461377363633536,2.601444430646819,15.876215583755965,1.081499446572548,11.488663175707615,-125.75181731675607,73.44992038751343,154.77403715052557,20542.089052999996,2603.878403312002
829.0,0.03,20.0,1.23,3600.0,0.46,7.0,470.0,2409852.0,-0.4794958150210671,15.125307357820388,2.7153883099696006,16.517086959125862,1.0786630263617405,11.988261615969893,-125.52770522896283,76.54934218384432,155.73100316992142,20929.652876000007,2643.8369456919963
830.0,0.03,20.0,1.23,3600.0,0.47,7.0,470.0,2409987.0,-0.4803262197974395,15.898812841577456,2.824637142761879,17.298789717154225,1.0838182014068907,12.48821455169488,-125.30071090632032,80.29567099303998,157.08592764617185,19960.005650000006,2520.242481625999
831.0,0.03,20.0,1.23,3600.0,0.48,7.0,470.0,2410036.0,-0.4810976254558815,16.53013142996475,2.971330503863537,17.72458732560844,1.0763300900964512,12.944524976110873,-125.05950787700368,83.170239620248,158.0591732617041,21709.416079999974,2757.809894846002
832.0,0.03,20.0,1.23,3600.0,0.49,7.0,470.0,2410156.0,-0.4817784648297311,17.371445372938386,3.045875083979578,18.877812480194258,1.0852825607709935,13.560751890273387,-124.82851474808767,87.39266138375439,159.36529130445643,29016.196976,3901.558027626996
833.0,0.03,20.0,1.23,3600.0,0.5,7.0,470.0,2410237.0,-0.4826045695569421,18.295299127412928,3.1249315605908397,20.000648814537406,1.097742616393585,14.144186964623556,-124.59016151740836,92.04083401956701,161.06592906981064,20241.608101999973,2556.786063460999
834.0,0.03,20.0,1.23,3600.0,0.51,7.0,470.0,2410302.0,-0.4834280274660908,18.855858026591108,3.312222833760257,20.0452961270406,1.0792763379772825,14.568245256478402,-124.323577643152,94.14841582453877,161.69037122382042,21259.567766999942,2688.983533086997
835.0,0.03,20.0,1.23,3600.0,0.52,7.0,470.0,2410458.0,-0.48426923674911676,19.76286734881133,3.39742864954025,21.187539533031508,1.0877684878690692,15.184831497919463,-124.07323875627348,98.64683876332714,163.1874104902981,21462.15141699995,2720.4296854829972
836.0,0.03,20.0,1.23,3600.0,0.53,7.0,470.0,2410547.0,-0.4850850943619944,20.910508097149208,3.414178833123783,22.983082729186844,1.1128310800832204,15.927805223206084,-123.83044325063845,104.83854150170941,165.43340986968195,20694.860506999994,2610.7949599980043
837.0,0.03,20.0,1.23,3600.0,0.54,7.0,470.0,2410826.0,-0.4860405244298409,21.489166438831006,3.647198349102006,22.813366234609635,1.0895132319466225,16.309709310095155,-123.53465330953341,106.55161278000186,165.82682575689748,20041.595894999984,2529.043651793999
838.0,0.03,20.0,1.23,3600.0,0.55,7.0,470.0,2410967.0,-0.4870053471107946,22.214555580963985,3.801804864223797,23.239566736804175,1.0807066427427192,16.795600007974762,-123.2393668233561,109.64104962423269,166.82888925762208,30980.925073999995,4192.768039469001
839.0,0.03,20.0,1.23,3600.0,0.56,7.0,470.0,2411085.0,-0.48792579734896163,23.30492839170117,3.88262766724659,24.487027848890104,1.090187423840094,17.44008267569165,-122.95496196853048,114.66139718600643,168.5016925710074,20696.857880999978,2623.4509034010002
840.0,0.03,20.0,1.23,3600.0,0.5700000000000001,7.0,470.0,2411409.0,-0.4891158538218831,23.784015387142507,4.129042300287331,24.303573950121674,1.0688667357952717,17.837067325972516,-122.62725291582314,116.46978572936143,169.04333968166054,20628.063432000024,2601.1497856149995
841.0,0.03,20.0,1.23,3600.0,0.58,7.0,470.0,2411349.0,-0.4902482045524976,24.406931258010356,4.386655525430164,23.833085380628283,1.046364982984438,18.206695073213712,-122.28147960326393,118.05358737622001,169.50169974220145,21151.41726199998,2669.4525683680026
842.0,0.03,20.0,1.23,3600.0,0.59,7.0,470.0,2411602.0,-0.4915304566069661,25.217912945622444,4.612725665583101,23.683099965861945,1.024864436970466,18.61698048523583,-121.91905521018322,119.64937314711253,169.43770929499243,21127.22188600003,2678.1050947179997
843.0,0.03,20.0,1.23,3600.0,0.6,7.0,470.0,2411845.0,-0.49265582021755244,26.122688743894127,4.76171520674987,24.472694998385773,1.0286207463081083,19.20775868236541,-121.54366269819269,124.19318682176508,171.17199188856262,31788.79338999997,4339.398683447002
844.0,0.03,20.0,1.23,3600.0,0.61,7.0,470.0,2411948.0,-0.4938490931267788,27.030497211173746,4.938141012947546,25.103469205727794,1.0248092967652636,19.787386395584264,-121.11789428211205,127.89180926873692,172.15020972541564,20804.912227000015,2625.4904711199997
845.0,0.03,20.0,1.23,3600.0,0.62,7.0,470.0,2412407.0,-0.4951163448193366,27.98148074771395,5.128112107949007,25.53903074436588,1.0195221062946818,20.32219301736453,-120.60913415327757,131.4377214770755,173.0760390129597,20006.746773,2527.5744841740025
846.0,0.03,20.0,1.23,3600.0,0.63,7.0,470.0,2412578.0,-0.4965676141476807,28.875726394447128,5.35134162115097,25.587487670764624,1.0059724058053614,20.746846329964026,-119.91301715984176,133.90819568418377,173.25981082769877,20791.314278000038,2637.047017585002
847.0,0.03,20.0,1.23,3600.0,0.64,7.0,470.0,2412953.0,-0.4979503392225701,29.825316148781535,5.5349691253922355,26.046343519423203,1.0070363333493253,21.322469111302404,-118.78534320475094,138.33914234291035,174.39538764276193,20687.49144099999,2624.2069023159993
848.0,0.03,20.0,1.23,3600.0,0.65,7.0,470.0,2412700.0,-0.4994769700507739,30.647230285669686,5.749860660637931,26.186069445805654,1.003456782120055,21.824175668902605,-116.9494793299126,142.18879709123485,174.73094036013154,20434.557185000023,2596.620978270996
849.0,0.03,20.0,1.23,3600.0,0.66,7.0,470.0,2413154.0,-0.5010850371142405,31.713276567498387,5.9220776587813555,26.52288923611342,1.0130604057377945,22.409691921575195,-114.32937166708165,148.0005106305277,175.761946913641,25494.519759000043,3362.8289446769954
850.0,0.03,20.0,1.23,3600.0,0.67,7.0,470.0,2412940.0,-0.5023667451714494,32.88982859372974,6.020269023626161,27.718383535737445,1.0457071795923516,23.252762668413787,-111.73379772513076,157.43442628015373,179.28698018377736,24890.518186000012,3280.200263323
851.0,0.03,20.0,1.23,3600.0,0.6799999999999999,7.0,470.0,2413697.0,-0.504103366978481,33.83917813867636,6.182909374463372,27.84340253116402,1.0511384521603149,23.805369974749883,-108.71797616012014,163.01130692340973,180.05842306447624,20691.67499000001,2624.8197068990003
852.0,0.03,20.0,1.23,3600.0,0.69,7.0,470.0,2413938.0,-0.5059460577915981,34.49538996307186,6.445961282727331,27.44436125590794,1.042528075553319,24.1950441356477,-105.44835190881523,166.4661508769993,179.33374614845974,20494.147837999975,2588.2434609539996
853.0,0.03,20.0,1.23,3600.0,0.7,7.0,470.0,2414281.0,-0.5075857043155017,35.806154768023916,6.458288916400136,28.24035636728127,1.0673746380015992,24.949080074585428,-102.06239490368009,175.40942875518317,182.01794353257253,20186.282944999988,2550.9470757520016
854.0,0.03,20.0,1.23,3600.0,0.71,7.0,470.0,2414553.0,-0.5094988014226838,36.515101858747926,6.633145025125878,28.082420826216914,1.0652741959180987,25.40865188908208,-98.40279755950257,180.10181989802336,181.86529785835313,31028.652812000008,4228.919376247
855.0,0.03,20.0,1.23,3600.0,0.72,7.0,470.0,2414567.0,-0.5113448037540259,37.66436298638135,6.581128418152102,28.39693104660545,1.0775157612018469,26.028790196881992,-94.59520187214883,187.33917628063045,183.26316550475838,21089.739432999988,2672.784106573
856.0,0.03,20.0,1.23,3600.0,0.73,7.0,470.0,2415113.0,-0.513287458249017,38.74955984269893,6.573174776197717,28.68578049589596,1.0880177483790867,26.639723420652658,-90.56727207702019,194.45616133995208,184.37519488152697,20527.81135900002,2592.1555191280004
857.0,0.03,20.0,1.23,3600.0,0.74,7.0,470.0,2415584.0,-0.5152537423681792,40.011471765458154,6.510280803901878,29.018187593097817,1.102083074364395,27.27066714590648,-86.35053190404872,202.4033851896868,185.94330978537118,20788.45877199999,2628.7732964010006
858.0,0.03,20.0,1.23,3600.0,0.75,7.0,470.0,2415408.0,-0.5173167984479201,41.270184293805656,6.43471950677635,29.31563697749411,1.1142624497656226,27.90425752603402,-81.90280374158601,210.20837572156245,187.18638115903832,30265.824260000012,4071.839155535996
859.0,0.03,21.66666666666667,1.23,3600.0,0.1,7.0,470.0,2410098.0,-0.46396058372624494,0.742062636027795,0.14738991359514575,1.1671030939220122,1.1537754894117334,0.726821399051865,-129.92388807985498,3.8695576112282013,131.01006864848637,20194.352807999996,2548.6488638220003
860.0,0.03,21.66666666666667,1.23,3600.0,0.11,7.0,470.0,2410098.0,-0.46411635511798816,0.8850709014587574,0.17682614012581024,1.3436695733012014,1.1432737878249932,0.8629629136990892,-129.88050511388272,4.639547416868094,131.25152300216595,20710.442012,2628.4415642090007
861.0,0.03,21.66666666666667,1.23,3600.0,0.12,7.0,470.0,2410098.0,-0.46428686450384493,1.0650224838321865,0.2087845479461166,1.537219490993866,1.1422351025072954,1.0104513863375602,-129.8333046035311,5.516428466758555,131.52825516117994,20460.826880999983,2584.2639349859996
862.0,0.03,21.66666666666667,1.23,3600.0,0.13,7.0,470.0,2410098.0,-0.4644710874513515,1.2515875009250066,0.243570650577202,1.74244320896971,1.1371477380398503,1.169874670896913,-129.78219426910337,6.445306998657111,131.82002523639164,19920.007141000027,2513.8972845360026
863.0,0.03,21.66666666666667,1.23,3600.0,0.14,7.0,470.0,2410098.0,-0.4646697082681432,1.4587502147569182,0.28084910372767735,1.9641972054272978,1.134433603028965,1.339462810148245,-129.72743190562164,7.457189189077439,132.14136176063897,20245.316858999995,2566.0232292000055
864.0,0.03,21.66666666666667,1.23,3600.0,0.15,7.0,470.0,2410098.0,-0.4648807752080267,1.682991378323957,0.3203823033319411,2.206108851476716,1.1368076684374846,1.5229422897877525,-129.6690103134163,8.578463421370492,132.51504891186644,19945.958295000004,2519.6975082640006
865.0,0.03,21.66666666666667,1.23,3600.0,0.16,7.0,470.0,2410098.0,-0.46510798386738045,1.9166367292501765,0.36234312593962226,2.458292892794341,1.1344042069222349,1.7151299024767201,-129.6068130349284,9.73974944217414,132.8941598266417,29098.193302999996,3925.483844329996
866.0,0.03,21.66666666666667,1.23,3600.0,0.17,7.0,470.0,2410098.0,-0.46535656135169484,2.163406578011083,0.40776791297698195,2.7078796657934467,1.1242882006428976,1.9118563579787433,-129.54043063864603,10.897213907020573,133.2467340309063,20152.56649599998,2541.795410021998
867.0,0.03,21.66666666666667,1.23,3600.0,0.18,7.0,470.0,2410098.0,-0.4656163782142834,2.431325118983121,0.4547270183680708,2.9843512934493077,1.1225325563065192,2.122137160408499,-129.4703832299773,12.197868236521995,133.67571087529035,20696.687793000016,2627.0510310240006
868.0,0.03,21.66666666666667,1.23,3600.0,0.19,7.0,470.0,2410098.0,-0.46588979859222324,2.710153584924064,0.5040597546599056,3.2831548427468924,1.1222952298628899,2.3491587688526607,-129.39646422137756,13.587961606408243,134.1378988766023,20080.814014999985,2538.4228096680026
869.0,0.03,21.66666666666667,1.23,3600.0,0.2,7.0,470.0,2410098.0,-0.46617907391925634,3.0045452218531112,0.5560012915411114,3.58647580565986,1.1187443914863486,2.581563492535526,-129.31848635990332,15.008278178286076,134.5981787265998,20104.765124000012,2539.948315874995
870.0,0.03,21.66666666666667,1.23,3600.0,0.21,7.0,470.0,2410117.0,-0.4664831622822649,3.3141683915201963,0.6105974692388196,3.9035245797943667,1.1153226607582938,2.8234327633643423,-129.2364239871757,16.49601778957128,135.0807185728292,28142.51523599997,3786.1956730460074
871.0,0.03,21.66666666666667,1.23,3600.0,0.22,7.0,470.0,2410117.0,-0.4667972719371013,3.642586949704783,0.6670237783223523,4.252093536020638,1.1168853089233932,3.0774557195649397,-129.15066599348467,18.1298387320209,135.64134474189285,20193.656953999976,2559.1297313890004
872.0,0.03,21.66666666666667,1.23,3600.0,0.23,7.0,470.0,2410117.0,-0.46712991564908646,3.983482226791568,0.7272893969335118,4.5963333091272895,1.1129268267919943,3.341927483684561,-129.06030852005176,19.745234240816053,136.15651034433088,20352.910424000016,2574.7798623679996
873.0,0.03,21.66666666666667,1.23,3600.0,0.24,7.0,470.0,2410117.0,-0.4674999371896098,4.3480944433717355,0.7895094977622705,4.939252368576691,1.1097362163761153,3.6005965742615924,-128.96566528325565,21.43789992505873,136.72611232434213,19868.242636999985,2510.0213606780026
874.0,0.03,21.66666666666667,1.23,3600.0,0.25,7.0,470.0,2410134.0,-0.46785171955778143,4.71676336036095,0.8529555531155318,5.328354982221673,1.1092290060499226,3.8889734130087756,-128.8672627735828,23.250979170996565,137.33119463587246,20009.251788999973,2540.278160074001
875.0,0.03,21.66666666666667,1.23,3600.0,0.26,7.0,470.0,2410134.0,-0.46823489563374526,5.1020685400916195,0.9188663736305158,5.7213430590849,1.1081911751784796,4.180738076743965,-128.76436337964154,25.124729525611137,137.96607685570166,19907.572458999988,2516.3762605379975
876.0,0.03,21.66666666666667,1.23,3600.0,0.27,7.0,470.0,2410153.0,-0.46866038596716647,5.510511712329104,0.9904560052055142,6.0795087898290525,1.1019088968864588,4.468677860351822,-128.65589804252454,26.94096929188032,138.54771296668935,28817.667401999974,3884.7592253219996
877.0,0.03,21.66666666666667,1.23,3600.0,0.28,7.0,470.0,2410153.0,-0.4690565570344866,5.9223307391999125,1.056715937080975,6.578567865050111,1.1110334031868148,4.802143591299055,-128.5452043411708,29.213472735035296,139.398918943576,19664.616514999994,2481.144200375997
878.0,0.03,21.66666666666667,1.23,3600.0,0.29,7.0,470.0,2410153.0,-0.4695002648354868,6.370733412799352,1.134494825443538,6.9397856606723,1.1020689328087023,5.101025087015647,-128.4269263969579,31.08456254978781,139.96544996081488,20251.688088999992,2567.0137858719977
879.0,0.03,21.66666666666667,1.23,3600.0,0.3,7.0,470.0,2410153.0,-0.4699474129539158,6.825121591633864,1.2047027021648613,7.459263034553447,1.109600493840477,5.44954410053563,-128.30657360770977,33.49262153316898,140.86056371199092,19978.820362000017,2524.7649047999976
880.0,0.03,21.66666666666667,1.23,3600.0,0.31,7.0,470.0,2410249.0,-0.47047724423393256,7.297391576635772,1.2821934628938918,7.899019652010247,1.1080335749344359,5.773861215008127,-128.17907676590548,35.71217522167824,141.63878608103568,19914.663945000022,2511.8054454869975
881.0,0.03,21.66666666666667,1.23,3600.0,0.32,7.0,470.0,2410217.0,-0.4709103368884679,7.807910939741663,1.3769665359085792,8.179109224159877,1.0862798952304482,6.0876754387514715,-128.0426222390772,37.3062579953604,141.897218095876,29462.520713999966,3965.1779351849978
882.0,0.03,21.66666666666667,1.23,3600.0,0.33,7.0,470.0,2410265.0,-0.4713916112183335,8.312061255712615,1.4514847873640084,8.7798663782939,1.0975253922927761,6.466357146446338,-127.9061060561489,40.085052571717824,142.98138906004988,20423.274191000004,2586.7702030390014
883.0,0.03,21.66666666666667,1.23,3600.0,0.34,7.0,470.0,2410313.0,-0.47186107886930373,8.83631532007737,1.5346190335957006,9.335823292212192,1.0986464656093808,6.849258944102815,-127.761917977834,42.59472095176854,143.80062233961445,20461.88415200004,2582.5255285360013
884.0,0.03,21.66666666666667,1.23,3600.0,0.35,7.0,470.0,2410313.0,-0.4724279623514851,9.378643522533665,1.6288225508202798,9.716744285258303,1.089909617366836,7.196354352808001,-127.60820716917657,44.77819140780696,144.46583386556324,20186.543429999958,2546.2627034279994
885.0,0.03,21.66666666666667,1.23,3600.0,0.36,7.0,470.0,2410385.0,-0.47297662528834244,9.940844538212334,1.711287327612561,10.303662062465884,1.093631410091234,7.587864107914908,-127.45116214990855,47.53526929680257,145.44277341050545,20726.020769000042,2627.6186706060034
886.0,0.03,21.66666666666667,1.23,3600.0,0.37,7.0,470.0,2410441.0,-0.47349666418996017,10.525029416283578,1.8046111079901976,10.84640542774315,1.0910232328204321,7.98495577730017,-127.28574018300888,50.093046699498736,146.21778515319053,19928.061584999967,2517.1759841850003
887.0,0.03,21.66666666666667,1.23,3600.0,0.38,7.0,470.0,2410465.0,-0.4740612749090744,11.127864163230942,1.894023560011818,11.429382062288044,1.0933711266395234,8.39780132992178,-127.11421482571795,52.95107559941502,147.21621930968035,28505.261091999997,3838.4940938849986
888.0,0.03,21.66666666666667,1.23,3600.0,0.39,7.0,470.0,2410521.0,-0.47461995859048045,11.76905548450515,1.9698534061588044,12.263908818667018,1.1067938012096623,8.86923801191044,-126.94065102951065,56.45935699363511,148.52795230190435,19848.848396,2505.517443881999
889.0,0.03,21.66666666666667,1.23,3600.0,0.4,7.0,470.0,2410791.0,-0.4753925177152854,12.368578690291384,2.093122757651166,12.538787573131598,1.0928132663435282,9.215599016974867,-126.7486390594672,58.641618668280884,149.17416968969908,21207.180595,2688.829380027001
890.0,0.03,21.66666666666667,1.23,3600.0,0.41,7.0,470.0,2410601.0,-0.4759449715456862,13.026541920063346,2.19454892257589,13.109858877486147,1.090474086602348,9.64900601519106,-126.55618850451091,61.478471708739136,150.05470447793363,20223.47261700001,2558.5919190050026
891.0,0.03,21.66666666666667,1.23,3600.0,0.42,7.0,470.0,2410739.0,-0.4766106127815995,13.688723748149256,2.305068018831247,13.607615751906833,1.0852416495482105,10.071668004944316,-126.35550644424592,64.20443585270473,150.886866773119,20292.227405999995,2561.7271602300016
892.0,0.03,21.66666666666667,1.23,3600.0,0.43,7.0,470.0,2410983.0,-0.47731972844316745,14.402055402351781,2.3956416968992142,14.47275606882253,1.0961674157040702,10.572617071800996,-126.15450083861155,67.9757147265358,152.28714532527283,29741.04626399998,3996.4042002880033
893.0,0.03,21.66666666666667,1.23,3600.0,0.4400000000000001,7.0,470.0,2411051.0,-0.4779658370481494,15.160203516644605,2.485846992186087,15.360486872078354,1.1039253069785264,11.077103435239792,-125.9477033054318,71.67786209672525,153.54192458600824,20445.98301199997,2593.963749834
894.0,0.03,21.66666666666667,1.23,3600.0,0.4500000000000001,7.0,470.0,2411177.0,-0.4787101531403051,15.856090930840281,2.6192517957824726,15.750928246375453,1.094371831248707,11.505751319876738,-125.72393320474328,74.32414702966074,154.31605794152907,22122.595781999993,2795.1035647739973
895.0,0.03,21.66666666666667,1.23,3600.0,0.46,7.0,470.0,2411298.0,-0.4794474541720585,16.591496595905703,2.741885203720744,16.35695079801078,1.0923701064810543,11.988287731643096,-125.49779205406082,77.52209080018824,155.34126252496867,20357.622780000005,2566.9381631720003
896.0,0.03,21.66666666666667,1.23,3600.0,0.47,7.0,470.0,2411335.0,-0.4802523133496055,17.329314964682254,2.8615543907879575,16.9374370061275,1.090406968632323,12.457591012344324,-125.2657987786286,80.78380588936881,156.46370729405533,21507.323413000002,2730.3047750020037
897.0,0.03,21.66666666666667,1.23,3600.0,0.48,7.0,470.0,2411321.0,-0.48089590710130803,18.154267707546637,2.9601130599776644,17.895254018077505,1.0957850483727443,13.028032677168577,-125.03404367326584,84.67356425692726,157.6699404674227,20667.15309000003,2611.4316123780022
898.0,0.03,21.66666666666667,1.23,3600.0,0.49,7.0,470.0,2411466.0,-0.4815663262717151,19.201149002620518,2.9586945995858587,19.908216032319018,1.131901639929187,13.7860482695726,-124.81996266214958,91.1466748970648,160.1125296551164,31311.61373099999,4232.791641541996
899.0,0.03,21.66666666666667,1.23,3600.0,0.5,7.0,470.0,2411600.0,-0.48245779235989683,19.852718112408834,3.183032507091599,19.580619567764323,1.1025666888891388,14.123052025345187,-124.54948959897746,92.44531103378765,160.25537842015513,21120.105362,2664.0918909330003
900.0,0.03,21.66666666666667,1.23,3600.0,0.51,7.0,470.0,2411718.0,-0.4833816394644738,20.628439195187024,3.3473153264807793,19.907120738400916,1.0934776651768736,14.583336768745857,-124.2882146894839,95.38723892424022,161.20924158490956,20412.117881000013,2589.2643445420026
901.0,0.03,21.66666666666667,1.23,3600.0,0.52,7.0,470.0,2412024.0,-0.48415799247118746,21.532691241108388,3.4436668149519476,20.857557507732057,1.097243938052764,15.179016221241415,-124.03133279128926,99.50614220602202,162.52454321227748,21221.15877899998,2680.324635849999
902.0,0.03,21.66666666666667,1.23,3600.0,0.53,7.0,470.0,2412183.0,-0.48509049930268316,22.335191084820238,3.612054160833855,21.190085035201097,1.0879136017397748,15.646966544978584,-123.75653084865453,102.49109440557693,163.46332842839772,22266.067998999995,2811.0016424579985
903.0,0.03,21.66666666666667,1.23,3600.0,0.54,7.0,470.0,2412544.0,-0.48605008323342686,23.267088881323453,3.7570457033939646,21.818946836556293,1.0858956523776657,16.167495184176808,-123.47887604399615,106.19782273309839,164.66612217164402,30097.708642,4047.0946731579975
904.0,0.03,21.66666666666667,1.23,3600.0,0.55,7.0,470.0,2412621.0,-0.4869346500979486,24.235855251727397,3.8361632089638826,22.992733251759496,1.0918673991596082,16.79474002173078,-123.19844671862043,110.77334306979031,166.1122980542292,21829.703876999978,2771.464762635997
905.0,0.03,21.66666666666667,1.23,3600.0,0.56,7.0,470.0,2412738.0,-0.4879572863974054,25.10982509624909,4.007783110962442,23.410008493634287,1.0855092094320105,17.294334344361374,-122.89612054934415,114.16936197386181,167.2435314779988,20376.158992999994,2576.5316229609984
906.0,0.03,21.66666666666667,1.23,3600.0,0.5700000000000001,7.0,470.0,2412950.0,-0.4889797204518197,26.088436124362143,4.147818025742396,24.215575656434552,1.0850873975938715,17.85974072105837,-122.58672770099847,118.23728109693474,168.51243827033574,20051.46084400001,2528.784966982999
907.0,0.03,21.66666666666667,1.23,3600.0,0.58,7.0,470.0,2412953.0,-0.49012868164662254,26.978997534474722,4.3584508420099315,24.31249906298485,1.0729371031348092,18.302083953161326,-122.2492274202667,121.05152228321208,169.348718310848,20779.722928999978,2633.2060261149986
908.0,0.03,21.66666666666667,1.23,3600.0,0.59,7.0,470.0,2413320.0,-0.4913309135385835,27.917928139234416,4.562702978010776,24.519796399679635,1.0629328858079365,18.775323369449236,-121.88849233276885,124.0937326894834,170.2064741358782,20443.38774600003,2580.5341932180004
909.0,0.03,21.66666666666667,1.23,3600.0,0.6,7.0,470.0,2413349.0,-0.4928062623921809,28.873652371278094,4.8324380296798735,23.80259139624997,1.0319000725873386,19.023230069377234,-121.49132532710576,124.58912476362333,169.54853822414395,30450.045062000012,4103.654220293001
910.0,0.03,21.66666666666667,1.23,3600.0,0.61,7.0,470.0,2413468.0,-0.49390213768975655,29.9379213955548,4.973481696626572,24.741219306184874,1.0383271464139114,19.67651047208311,-121.07007982390509,129.57877898539084,171.31972593884655,20684.821140000036,2608.367921311
911.0,0.03,21.66666666666667,1.23,3600.0,0.62,7.0,470.0,2413654.0,-0.4951851213998126,30.944222707647125,5.169244270602929,25.15845189400918,1.0325440506900587,20.197555904940618,-120.56175337193476,133.11652244662974,172.20880104136467,20544.71910899999,2603.7505790570026
912.0,0.03,21.66666666666667,1.23,3600.0,0.63,7.0,470.0,2413715.0,-0.4966278971374884,32.002059374900206,5.379664015640743,25.308171078965568,1.0201205776101014,20.645822141714756,-119.8733274578446,135.7915039614976,172.32911480812092,21317.842077000023,2691.2770202179963
913.0,0.03,21.66666666666667,1.23,3600.0,0.64,7.0,470.0,2414064.0,-0.49798606009169044,33.09282987609447,5.560043986255543,25.798534034574317,1.0219951181156715,21.232801702315694,-118.74478670737632,140.3940686514636,173.45464575959988,20890.245214999995,2636.497021677995
914.0,0.03,21.66666666666667,1.23,3600.0,0.65,7.0,470.0,2414131.0,-0.49945607755966454,34.230866605571094,5.761420507064517,26.10545354907879,1.0258273646003282,21.805306941120143,-116.91097571470736,145.35868569010398,174.3666138019768,29180.340733999994,3915.2968863159927
915.0,0.03,21.66666666666667,1.23,3600.0,0.66,7.0,470.0,2414390.0,-0.5010038501398644,35.368348137547876,5.973553736667795,26.453648059339503,1.0359178943751992,22.381251153163,-114.23353445511295,151.3398179126079,175.3965512810027,21047.517131000037,2672.020121668996
916.0,0.03,21.66666666666667,1.23,3600.0,0.67,7.0,470.0,2415081.0,-0.5022193979778131,36.5028882464271,5.997809256116909,28.119275068143057,1.075929380835182,23.332085214861138,-111.6228119060908,161.9844714614857,179.6552255820283,20158.81692699999,2549.675095288004
917.0,0.03,21.66666666666667,1.23,3600.0,0.6799999999999999,7.0,470.0,2414683.0,-0.5041756536130836,37.55323384290269,6.255624157701967,27.35349943297802,1.0627753996179172,23.62900903589307,-108.57993262413213,164.8159731020317,178.6045392566881,20530.997800000005,2592.685645670005
918.0,0.03,21.66666666666667,1.23,3600.0,0.69,7.0,470.0,2415139.0,-0.5059148611065312,38.88094747498462,6.469302873297272,27.380634264757102,1.066825149491363,24.153041847539697,-105.39869965191112,170.34579735452303,178.86057054585547,20969.36049800002,2662.0475340729986
919.0,0.03,21.66666666666667,1.23,3600.0,0.7,7.0,470.0,2415295.0,-0.5076621384199329,40.15021227915989,6.589316798918313,27.707936884161366,1.078810310179192,24.745421614415505,-102.0186374064893,177.2887358444529,180.11448567428715,20387.32524600003,2577.1668255719997
920.0,0.03,21.66666666666667,1.23,3600.0,0.71,7.0,470.0,2416258.0,-0.5093910466437569,41.06550793148279,6.573785693105849,28.39793418748006,1.0984518425395464,25.485876304602645,-98.40704382458703,185.71103728013264,182.5949769880483,29034.06278600002,3905.3809806540016
921.0,0.03,21.66666666666667,1.23,3600.0,0.72,7.0,470.0,2416584.0,-0.5113038582924013,42.44365751775164,6.607464054917187,28.467655355851907,1.1043235896681065,26.011313663875832,-94.59251248159877,192.00004221278152,183.06246410198375,20333.313203000012,2567.962809535004
922.0,0.03,21.66666666666667,1.23,3600.0,0.73,7.0,470.0,2416456.0,-0.513252088174375,44.05582031613072,6.657285991340901,28.545018283937047,1.1129903295268795,26.58948726726721,-90.534472625299,198.91939024957668,183.6062510161998,20492.336955000006,2590.704358657997
923.0,0.03,21.66666666666667,1.23,3600.0,0.74,7.0,470.0,2417488.0,-0.5152124368618879,45.06980375415344,6.5761045835031595,28.9586114432042,1.1259583231475352,27.23805922470558,-86.30370956531722,206.78820089765009,185.24933145740096,20439.461210000012,2589.4329487029986
924.0,0.03,21.66666666666667,1.23,3600.0,0.75,7.0,470.0,2417734.0,-0.5172297601271754,46.45510586451759,6.466128778429241,29.284732296126077,1.1396601344991157,27.886689377650256,-81.87305315915951,214.99971196020076,186.7801088026371,20442.004235000008,2579.465407709001
925.0,0.03,23.33333333333334,1.23,3600.0,0.1,7.0,470.0,2412973.0,-0.4639643540023692,0.8155718741905673,0.14713078055427434,1.1849793484147222,1.1804963667441613,0.7264609393076435,-129.92440408740526,3.959174677294562,131.00943582223263,28821.380978999976,3885.626399869997
926.0,0.03,23.33333333333334,1.23,3600.0,0.11,7.0,470.0,2412973.0,-0.4641203442084609,1.0044300814376261,0.1767281801751222,1.3607811248408044,1.1762358401064186,0.8612006801017205,-129.88103403041674,4.773311530193823,131.2512054940553,20042.275976000008,2545.409419228997
927.0,0.03,23.33333333333334,1.23,3600.0,0.12,7.0,470.0,2412973.0,-0.46428885910190737,1.2037257433164779,0.2089457379801302,1.5511716227820558,1.1702424865038723,1.0101051577949902,-129.83405405035177,5.651690226810388,131.5117960152885,19967.108601999982,2525.3480589579995
928.0,0.03,23.33333333333334,1.23,3600.0,0.13,7.0,470.0,2412973.0,-0.46447535429706804,1.415418006475629,0.24368041955462488,1.756746975584806,1.1657942885168682,1.169079846431926,-129.78323632911543,6.6076744783613535,131.8059855594298,19911.749679,2514.7934261379987
929.0,0.03,23.33333333333334,1.23,3600.0,0.14,7.0,470.0,2412973.0,-0.464674452305012,1.6425730717980986,0.2808228026392749,1.9773035772653615,1.162127976613311,1.3399204637874342,-129.7288244793524,7.639237907257131,132.12744247111937,19904.761632000012,2523.6527658019972
930.0,0.03,23.33333333333334,1.23,3600.0,0.15,7.0,470.0,2412973.0,-0.46488968544996584,1.8881724557437283,0.3205448901920256,2.2097082673531467,1.1571538174510145,1.518859870312597,-129.6705078093128,8.731997479878634,132.4652198055899,19947.166605000024,2521.1816552020027
931.0,0.03,23.33333333333334,1.23,3600.0,0.16,7.0,470.0,2412973.0,-0.4651341947973943,2.1419690176004345,0.3625111189062843,2.457622883098883,1.1556287780203598,1.706516150975098,-129.60847511920002,9.921979024233087,132.86183497285242,29106.844781,3925.921720778
932.0,0.03,23.33333333333334,1.23,3600.0,0.17,7.0,470.0,2412973.0,-0.46536422189686544,2.4161470049208766,0.4068824581773809,2.7193199455962,1.1492579704462398,1.9116027304606233,-129.54264075735344,11.139234522909353,133.2279231411077,20227.856933000014,2553.9604770469996
933.0,0.03,23.33333333333334,1.23,3600.0,0.18,7.0,470.0,2412973.0,-0.46562406393750977,2.6969135911482125,0.4528534051976709,3.0102284650416955,1.152156845096704,2.1278495352038806,-129.47315413194414,12.519777092735765,133.70508622808845,20130.05162900002,2552.1704097849997
934.0,0.03,23.33333333333334,1.23,3600.0,0.19,7.0,470.0,2412973.0,-0.4659010596104598,3.007407187886194,0.502249066593927,3.294654264204166,1.1458153906622093,2.347903553871859,-129.39927240810627,13.87272717736837,134.1197855129185,19939.834828000014,2517.3978712039984
935.0,0.03,23.33333333333334,1.23,3600.0,0.2,7.0,470.0,2412973.0,-0.4661909387834853,3.3304083178861337,0.5533708898925376,3.6040283162051994,1.1445841264674195,2.58123079671099,-129.3216962771668,15.354925664164295,134.60758362063626,19899.095339,2508.3101784119985
936.0,0.03,23.33333333333334,1.23,3600.0,0.21,7.0,470.0,2412973.0,-0.4665592243048464,3.688555694584052,0.6096463813115335,3.88538798401315,1.1358729698178842,2.803700931015184,-129.23926722535717,16.799964150346984,135.05194038478027,30099.843012999998,4052.098942094996
937.0,0.03,23.33333333333334,1.23,3600.0,0.22,7.0,470.0,2412973.0,-0.46681568906407156,4.033550756098433,0.6635775659667525,4.257841096265166,1.138958055814288,3.0772844147727696,-129.15440142530073,18.488134555510882,135.61028214770857,20102.80318199999,2545.836686626998
938.0,0.03,23.33333333333334,1.23,3600.0,0.23,7.0,470.0,2412973.0,-0.4671682088564391,4.414943740193905,0.7230848547762099,4.586449017173583,1.134581828489283,3.333487465602153,-129.0642810029808,20.129431180547254,136.13574710578223,20007.058744999973,2527.6041149169964
939.0,0.03,23.33333333333334,1.23,3600.0,0.24,7.0,470.0,2412973.0,-0.46751829647130955,4.794687892886971,0.7817077877748806,4.995693758145405,1.1403169986958424,3.616292768551345,-128.9711323911737,22.028659910473273,136.81141009428842,19662.276623000012,2482.185189979
940.0,0.03,23.33333333333334,1.23,3600.0,0.25,7.0,470.0,2412973.0,-0.46786454139869504,5.209566044085898,0.8459073288879,5.360723753769593,1.1349249115514422,3.894999877639916,-128.8726863998547,23.78960100682771,137.3510904022991,20591.866909,2612.677499301998
941.0,0.03,23.33333333333334,1.23,3600.0,0.26,7.0,470.0,2412973.0,-0.46826904256238877,5.643515196686174,0.9123601652373505,5.731583851737168,1.1321173584535125,4.180332028270662,-128.76983690437874,25.667180049338256,137.96922571178564,19888.013058000004,2513.8272353089965
942.0,0.03,23.33333333333334,1.23,3600.0,0.27,7.0,470.0,2412989.0,-0.4687134293059009,6.106456813707982,0.9838086200466174,6.074071925447139,1.1247006179787182,4.464917858405952,-128.6616263125185,27.498212326935786,138.53058342184664,29754.816096999977,4016.4649439309987
943.0,0.03,23.33333333333334,1.23,3600.0,0.28,7.0,470.0,2412989.0,-0.46921622965282794,6.575099120640582,1.0562190483306029,6.458482652342994,1.1216461906200346,4.753892742874584,-128.5493410686985,29.492524989840415,139.19817249435013,20308.97536699999,2565.1155580450004
944.0,0.03,23.33333333333334,1.23,3600.0,0.29,7.0,470.0,2413017.0,-0.46960098700831004,7.040650631556068,1.1254824424916112,6.952018213554856,1.1274764663111385,5.094222610830465,-128.43405805609083,31.80119836165077,140.02288251930858,20516.523001000027,2593.297268482999
945.0,0.03,23.33333333333334,1.23,3600.0,0.3,7.0,470.0,2413029.0,-0.47012307194648695,7.566916434432321,1.2053307667297812,7.310374599783489,1.118804837078923,5.3941167352731085,-128.31112789597125,33.7704490812441,140.60483844099664,20556.389054999992,2614.2521652659975
946.0,0.03,23.33333333333334,1.23,3600.0,0.31,7.0,470.0,2413093.0,-0.4705058300697686,8.080617947708841,1.2833458551271004,7.78429787148718,1.1183923934900566,5.754077872532701,-128.18469614332133,36.046042309929405,141.3283989063949,20115.43088500001,2538.438061917001
947.0,0.03,23.33333333333334,1.23,3600.0,0.32,7.0,470.0,2413157.0,-0.47101360231347345,8.615431014170527,1.3598714641389384,8.306479436210694,1.1223867227100315,6.1000814817483135,-128.0536052323568,38.54627967601715,142.21802151210548,19974.152840000017,2525.2566626790017
948.0,0.03,23.33333333333334,1.23,3600.0,0.33,7.0,470.0,2413173.0,-0.47147979683587404,9.173887451487321,1.4417564209183085,8.78956505731309,1.120747492027305,6.4690286405809925,-127.91546587606184,40.93319612741239,142.97442443317453,20339.144275999995,2584.8651349920005
949.0,0.03,23.33333333333334,1.23,3600.0,0.34,7.0,470.0,2413189.0,-0.47191604521875374,9.766816913280982,1.5292682151378805,9.231144490248964,1.1143195569394506,6.8247930276793545,-127.77014692085174,43.20236951985052,143.62049379435507,30049.495924000003,4054.192236359997
950.0,0.03,23.33333333333334,1.23,3600.0,0.35,7.0,470.0,2413325.0,-0.4725956245447044,10.390194952495174,1.619451011618152,9.685831934400449,1.112663506247494,7.163331636099574,-127.61836620338715,45.713019374580576,144.4725760433544,20390.356761999967,2574.0021911410004
951.0,0.03,23.33333333333334,1.23,3600.0,0.36,7.0,470.0,2413403.0,-0.4730719619700631,11.015255561016485,1.7136477369760368,10.123719576295134,1.1054466660423081,7.552656653417842,-127.45921414535728,48.04882566347469,145.10276028112648,20382.58447100004,2584.9061377259995
952.0,0.03,23.33333333333334,1.23,3600.0,0.37,7.0,470.0,2413447.0,-0.47364272626207704,11.596010810522126,1.7790323822194967,11.093155752219934,1.1296842189933547,7.993726944795059,-127.30244746918585,51.86812034371655,146.70864192314582,20434.922196999963,2584.4446926559986
953.0,0.03,23.33333333333334,1.23,3600.0,0.38,7.0,470.0,2413437.0,-0.47424190436190206,12.296863393225387,1.8906233513364654,11.33895757155903,1.112866160818816,8.349362660725829,-127.12571706068681,53.89520427035735,147.14511435419746,28226.658325000022,3796.8838144480032
954.0,0.03,23.33333333333334,1.23,3600.0,0.39,7.0,470.0,2413477.0,-0.47489056547550207,12.97803844652236,1.9899454017209413,11.86488815041643,1.1113418310865828,8.744158311829729,-126.94684688343499,56.69135941554793,148.06117598849346,20952.566519999993,2646.1911355890015
955.0,0.03,23.33333333333334,1.23,3600.0,0.4,7.0,470.0,2413533.0,-0.47555103859727044,13.773041336041516,2.113527334208745,11.96609022976505,1.0900191532428107,9.078168667277916,-126.75418013803498,58.491683340796605,148.3150359115384,21347.338216999986,2709.3912235229986
956.0,0.03,23.33333333333334,1.23,3600.0,0.41,7.0,470.0,2413580.0,-0.4761568823706349,14.43324142171661,2.2067881540322687,12.743630770103493,1.0990352180593612,9.548440833465099,-126.56603952078362,61.96112900847809,149.59506734994423,21111.52009000002,2673.0437052070015
957.0,0.03,23.33333333333334,1.23,3600.0,0.42,7.0,470.0,2413688.0,-0.47683334972471536,15.185659059242735,2.3155153430357016,13.259338445316834,1.0967578042952053,9.970746942467915,-126.36632220485998,64.88574790797931,150.52081032277607,21192.91305100002,2694.602379397999
958.0,0.03,23.33333333333334,1.23,3600.0,0.43,7.0,470.0,2413763.0,-0.47737180976008825,15.865395566226207,2.3893821960386528,14.448409588025124,1.1158920647937518,10.531997547181385,-126.17174489524022,69.19888292182469,152.13544291959357,20972.638935999974,2648.994276152998
959.0,0.03,23.33333333333334,1.23,3600.0,0.4400000000000001,7.0,470.0,2413909.0,-0.47801642854582055,16.63419091493833,2.493890255698679,15.141438791744086,1.116248870138059,11.02818044207973,-125.96166288504239,72.47803096241327,153.14199344299482,20949.367367000003,2647.517203153996
960.0,0.03,23.33333333333334,1.23,3600.0,0.4500000000000001,7.0,470.0,2413900.0,-0.4788747995375112,17.44062129499662,2.621806443853805,15.564206666930048,1.1119912851269667,11.43145818028139,-125.7401241925166,75.52077037397308,154.20280198042784,33070.33196799997,4541.851719796993
961.0,0.03,23.33333333333334,1.23,3600.0,0.46,7.0,470.0,2413973.0,-0.4795675123902556,18.27222037625068,2.7473014088748386,16.080276199608893,1.1066224810626124,11.900872320870267,-125.51376649142213,78.53353725947397,155.04663344529143,20781.642140000014,2632.2551004780007
962.0,0.03,23.33333333333334,1.23,3600.0,0.47,7.0,470.0,2414087.0,-0.4803152482099517,19.102696230917243,2.8522043729031346,16.967954226410868,1.1140137589784378,12.422768996067413,-125.28815436449446,82.53273672331562,156.47526726151145,20604.01786400001,2600.1127636269994
963.0,0.03,23.33333333333334,1.23,3600.0,0.48,7.0,470.0,2414193.0,-0.4810238707693973,19.950745099367868,2.9585244439018092,17.798195128465174,1.1156776905500194,12.956559360336879,-125.05460179449848,86.21070962876723,157.601287391194,20173.430249,2549.5465304349977
964.0,0.03,23.33333333333334,1.23,3600.0,0.49,7.0,470.0,2414187.0,-0.4819049753269474,20.872875960252596,3.1340584379351126,17.750697519361797,1.1011629274498398,13.33151408455838,-124.79961392759904,88.67143205415776,158.38189997964892,33249.63721899998,4536.819404986005
965.0,0.03,23.33333333333334,1.23,3600.0,0.5,7.0,470.0,2414338.0,-0.4826434731919297,21.712977864615926,3.2120764374870974,19.145031683787252,1.11381804515689,13.989865587474885,-124.5648218165166,93.3886871943464,159.89355743749786,20603.210481,2608.1305136240007
966.0,0.03,23.33333333333334,1.23,3600.0,0.51,7.0,470.0,2414651.0,-0.4833586433916799,22.73838838228423,3.3038636591070265,20.324128971542653,1.1242559212303398,14.619845748852903,-124.32230939813154,98.07211576931827,161.408198405663,20262.695840999993,2557.954144755999
967.0,0.03,23.33333333333334,1.23,3600.0,0.52,7.0,470.0,2414822.0,-0.48423150806285276,23.63866720347601,3.4587395931846814,20.81304659113057,1.1178097890360865,15.130582821044797,-124.05774914111203,101.37120467897228,162.38791761124824,20545.082059999975,2594.548134932001
968.0,0.03,23.33333333333334,1.23,3600.0,0.53,7.0,470.0,2414736.0,-0.48516295872854504,24.664751477858644,3.5806243658797885,21.690767299310913,1.1234842246574452,15.677099432031271,-123.79359191367118,105.84216205073744,164.022511389328,20579.026900000008,2608.752489871004
969.0,0.03,23.33333333333334,1.23,3600.0,0.54,7.0,470.0,2415030.0,-0.48597208424813026,25.72863068367848,3.6903453129853814,22.72931586451569,1.127233418877915,16.303853670624456,-123.52428716170952,110.2405507699622,165.3126923998677,20069.003505999975,2531.7660093030004
970.0,0.03,23.33333333333334,1.23,3600.0,0.55,7.0,470.0,2415163.0,-0.48694898840662765,26.68645447290274,3.839499816732263,23.249360837925835,1.1195958532988248,16.792272897567244,-123.22841671184128,113.58648097053037,166.24730965724356,20192.817052,2553.3249126330024
971.0,0.03,23.33333333333334,1.23,3600.0,0.56,7.0,470.0,2415570.0,-0.48800155083273483,27.626369009052627,4.009708279996908,23.715407017909584,1.111440047445436,17.302509540759598,-122.92853711063849,116.89666009875698,167.1712033616768,30722.868531999986,4169.255134406999
972.0,0.03,23.33333333333334,1.23,3600.0,0.5700000000000001,7.0,470.0,2415590.0,-0.48925298729536476,28.583268774558594,4.272073201614843,22.763206038965507,1.081491514767059,17.566277639674716,-122.59145008408963,117.84545329621727,167.2520777254932,21147.279902000006,2669.3602578139994
973.0,0.03,23.33333333333334,1.23,3600.0,0.58,7.0,470.0,2416024.0,-0.4902760102872764,29.644436706140475,4.423141853505053,23.47783873652614,1.0798835686437367,18.147885109493227,-122.2651629108505,121.83524037990826,168.40710088509388,20865.40127799999,2647.7690376789974
974.0,0.03,23.33333333333334,1.23,3600.0,0.59,7.0,470.0,2416192.0,-0.4914490576049872,30.794941831429306,4.602747534693732,23.826117300303025,1.072080557251832,18.643388283188035,-121.91197440947221,125.16169164535596,169.2064711052141,20243.219422999995,2560.5671393710004
975.0,0.03,23.33333333333334,1.23,3600.0,0.6,7.0,470.0,2416210.0,-0.49262456455426595,31.906785373426725,4.783458732439268,24.226688770139383,1.0654409773934261,19.17588979127855,-121.52786690309996,128.6387726748718,170.0738169106878,20282.29146,2561.1605422009998
976.0,0.03,23.33333333333334,1.23,3600.0,0.61,7.0,470.0,2416600.0,-0.49384295988195137,33.068511721759975,4.957181272683996,24.795348576471948,1.0631758846601704,19.720110538443016,-121.10221420665026,132.67979504993113,171.24085714722247,20634.922883000017,2616.654530515002
977.0,0.03,23.33333333333334,1.23,3600.0,0.62,7.0,470.0,2416384.0,-0.49536099162044045,35.14419076435569,5.187655429717059,24.59261096428434,1.0449447934095575,20.047369238506604,-120.58825539893303,134.71523752854011,170.3316665306095,20661.704919000003,2612.5965634949966
978.0,0.03,23.33333333333334,1.23,3600.0,0.63,7.0,470.0,2416898.0,-0.4965254704262223,35.97002085055047,5.345586754979848,25.450724378691547,1.0520268082600615,20.711108544825677,-119.90423218751391,140.03864409453044,172.4654357529968,31801.675083999995,4338.770834499997
979.0,0.03,23.33333333333334,1.23,3600.0,0.64,7.0,470.0,2417070.0,-0.49785497994413286,37.100032732383625,5.5229224029646655,26.029781320541048,1.0556744316077011,21.32006811560157,-118.77681927221072,145.02068160363916,173.824696304359,20043.345872000027,2528.9974648559987
980.0,0.03,23.33333333333334,1.23,3600.0,0.65,7.0,470.0,2417446.0,-0.4993168178010301,38.39341862291489,5.72005229195282,26.362076127103414,1.0608454227219601,21.89238760503403,-116.96280201741888,150.32070861875067,174.9155759891644,19842.774174999995,2513.539661413002
981.0,0.03,23.33333333333334,1.23,3600.0,0.66,7.0,470.0,2418000.0,-0.5006766679377056,39.01639418381376,5.879135399695391,27.35852974361453,1.081124346887337,22.682603025294767,-114.45705747729285,157.94414083125804,177.46453595613247,19514.156403999965,2468.1487390409984
982.0,0.03,23.33333333333334,1.23,3600.0,0.67,7.0,470.0,2417865.0,-0.5025076885302331,41.22749469473751,6.075636002080447,26.8166065433791,1.0765757879690008,23.013258698367927,-111.61846418645068,162.0817900399962,176.5672582878819,30974.116696000026,4234.235282494
983.0,0.03,23.33333333333334,1.23,3600.0,0.6799999999999999,7.0,470.0,2418056.0,-0.5041472803392478,42.42650196201679,6.220103416001213,27.10985351506703,1.0861809654940133,23.60203308027622,-108.6707358236302,168.44572508656137,177.7579689368303,20516.077841000017,2597.070981636997
984.0,0.03,23.33333333333334,1.23,3600.0,0.69,7.0,470.0,2418397.0,-0.5058058729087601,43.58518470685187,6.403459835701989,27.542809922116703,1.0998077225726939,24.236723664795697,-105.44679242102747,175.61230491016306,179.2909192017243,19816.709885999975,2501.6802846450005
985.0,0.03,23.33333333333334,1.23,3600.0,0.7,7.0,470.0,2418639.0,-0.5076604417520755,45.018388587198494,6.547751051717657,27.63194769785084,1.1060614389527916,24.7973881076869,-102.02443829897729,181.76711181566833,179.79607467019173,19694.679908000002,2487.9283587450004
986.0,0.03,23.33333333333334,1.23,3600.0,0.71,7.0,470.0,2419162.0,-0.5093601487671424,46.35153549442957,6.598181600688082,28.143105891935285,1.1225344518964921,25.438371250410235,-98.39800400293709,189.78259161769074,181.64940138316467,20709.475150000013,2624.0563614580005
987.0,0.03,23.33333333333334,1.23,3600.0,0.72,7.0,470.0,2419922.0,-0.5112018223998929,47.5832513470162,6.5754311553135665,28.551215112882296,1.1348306521884663,26.08994011140799,-94.58039627425583,197.30406482580696,183.0846233734427,19968.228940999965,2517.4667900849986
988.0,0.03,23.33333333333334,1.23,3600.0,0.73,7.0,470.0,2419473.0,-0.5131999544493822,49.24965611537623,6.5952172409256296,28.607056203435825,1.1431106024371602,26.656998193486444,-90.51432587865597,204.30264126489396,183.7080393903258,19816.22532900002,2503.4329542500027
989.0,0.03,23.33333333333334,1.23,3600.0,0.74,7.0,470.0,2419978.0,-0.5151722596929998,50.60267177683917,6.569783228745282,28.9226681995968,1.1551234004643278,27.28793637374446,-86.28883176283136,212.1445215921152,185.05029377602082,30753.302076000007,4192.056612215999
990.0,0.03,23.33333333333334,1.23,3600.0,0.75,7.0,470.0,2420670.0,-0.5171817987063917,52.1709129208188,6.484873434210757,29.208757877419586,1.1683530589336268,27.930108054957365,-81.8676956953553,220.41270334418647,186.48574675213524,20090.044071999975,2537.1740633900004
991.0,0.03,25.0,1.23,3600.0,0.1,7.0,470.0,2458653.0,-0.46274152561331217,0.9002756977931642,0.14773934441575765,1.183120458841997,1.2116030985115915,0.7329168967710202,-129.92387998022096,4.063501118422635,131.02332870082162,20354.073422999994,2571.8218001809973
992.0,0.03,25.0,1.23,3600.0,0.11,7.0,470.0,2458653.0,-0.4628980642863162,1.1047353168872347,0.17710602738830758,1.3599583710663918,1.2025956565630433,0.8660858622177037,-129.8806445551382,4.880282948285297,131.2530419258638,20759.790276999967,2633.147093457002
993.0,0.03,25.0,1.23,3600.0,0.12,7.0,470.0,2458653.0,-0.46306835578208977,1.3326631932168709,0.20840366300181823,1.549717452992461,1.1966154596990668,1.0120030010089476,-129.8332034976769,5.779058594117387,131.50947478157417,20418.39180099998,2576.0074948259967
994.0,0.03,25.0,1.23,3600.0,0.13,7.0,470.0,2458653.0,-0.4632527116755045,1.5760276232844397,0.24260463005460073,1.753698507631225,1.19068645538832,1.1695551886708926,-129.7821558504011,6.748762264918353,131.7890321656783,20304.772460999986,2562.8526830439982
995.0,0.03,25.0,1.23,3600.0,0.14,7.0,470.0,2458653.0,-0.46345166659389764,1.8416818628641647,0.2796486617213767,1.974747087806079,1.1883691603650917,1.3375681899635432,-129.72751856057968,7.811734095011021,132.10560685323557,31777.789612000008,4322.425889652005
996.0,0.03,25.0,1.23,3600.0,0.15,7.0,470.0,2458653.0,-0.46366071436044753,2.1225270393680304,0.3193185956296577,2.212080286929211,1.1882736743593143,1.5188925103306512,-129.66908839344396,8.966831006761009,132.4631009679474,20918.39170399998,2654.4018606470017
997.0,0.03,25.0,1.23,3600.0,0.16,7.0,470.0,2458653.0,-0.4638869271910731,2.4103735916543028,0.36155121660625733,2.4600648732447037,1.1838410989916301,1.708175824386196,-129.6068257405151,10.164203917058412,132.83086415168205,20116.45062200001,2538.457466412
998.0,0.03,25.0,1.23,3600.0,0.17,7.0,470.0,2458653.0,-0.4641382945612146,2.734520094464536,0.4067948028228296,2.7075617848958577,1.175253255063494,1.9033471016780374,-129.54036322153934,11.391194987215671,133.17933442489374,20354.578737000025,2568.368024673995
999.0,0.03,25.0,1.23,3600.0,0.18,7.0,470.0,2458653.0,-0.4644287855835748,3.0632144938029726,0.45476788383707883,2.9615223354683886,1.163214307176689,2.105553802589156,-129.4696662440635,12.639931706269454,133.5245394346354,20821.723683999993,2638.5696550450025
1000.0,0.03,25.0,1.23,3600.0,0.19,7.0,470.0,2458653.0,-0.46470348571445963,3.402517889195822,0.504047713066188,3.271351964347649,1.1728341387764374,2.3304609828830793,-129.39611944151835,14.199851183833406,134.08759207585902,30254.007282000024,4101.609717073
1001.0,0.03,25.0,1.23,3600.0,0.2,7.0,470.0,2458653.0,-0.4649720922547467,3.7618439243455595,0.5564078649201275,3.5718170827427933,1.167397035183934,2.566015015850433,-129.31807991367756,15.6609674040638,134.52296342988245,20329.117883000014,2564.190487738002
1002.0,0.03,25.0,1.23,3600.0,0.21,7.0,470.0,2458653.0,-0.46528458541237416,4.113146854392803,0.6106223390889037,3.9032705538394024,1.168532398336816,2.81234868472279,-129.23631235196464,17.283008683378597,135.07993260329934,20215.95138300002,2553.3362374940016
1003.0,0.03,25.0,1.23,3600.0,0.22,7.0,470.0,2458653.0,-0.4655830048774768,4.49651699022956,0.6677234365867257,4.235140918509238,1.1630284667404898,3.069065897469494,-129.1502402280189,18.878857456796275,135.56065044202012,20264.103766999982,2565.4527306139953
1004.0,0.03,25.0,1.23,3600.0,0.23,7.0,470.0,2458653.0,-0.4660006594534298,4.9540379699984465,0.7281300184027281,4.547723090870701,1.1576212505181973,3.3069078510242873,-129.05946663904462,20.538190115800194,136.06085782454863,20216.379666,2550.5087007819984
1005.0,0.03,25.0,1.23,3600.0,0.24,7.0,470.0,2458653.0,-0.4663114668523194,5.3353478666659475,0.7881173707481424,4.947428391536625,1.1616808649576529,3.5960351944686155,-128.96575179265287,22.441367381108627,136.74019035034217,20151.01774899995,2546.0412410270014
1006.0,0.03,25.0,1.23,3600.0,0.25,7.0,470.0,2458653.0,-0.46673862213374656,5.820527897078557,0.8540291753662278,5.279765204235331,1.156221546273991,3.8577477560949243,-128.86632394937325,24.236008022552667,137.2902619391509,21097.30516400002,2674.6198514119997
1007.0,0.03,25.0,1.23,3600.0,0.26,7.0,470.0,2458653.0,-0.46711481410792355,6.262146067846117,0.9183632228437344,5.686361278109754,1.1564715844653062,4.153699493813654,-128.76362161565726,26.219335088159422,137.96238664120338,30855.574186999977,4180.764982440001
1008.0,0.03,25.0,1.23,3600.0,0.27,7.0,470.0,2458653.0,-0.46754997919110247,6.912318538443121,0.9934506505307374,5.9594688420066,1.1393450747796505,4.4158487141573675,-128.6538455920872,27.856259949643082,138.2290187965925,20486.263938999975,2585.7116865740018
1009.0,0.03,25.0,1.23,3600.0,0.28,7.0,470.0,2458712.0,-0.46796300976974575,7.281117476303142,1.0593447727694592,6.4669602666060735,1.149675160104617,4.755441963041994,-128.5432706111903,30.229517715243922,139.20992384771355,20566.497541999997,2600.0465048589967
1010.0,0.03,25.0,1.23,3600.0,0.29,7.0,470.0,2458760.0,-0.4683874064963708,7.779384366195911,1.1312985464445258,6.931746936776891,1.151952215283509,5.081068433916593,-128.42679423150042,32.49155259198507,139.9948485401516,21095.370591000028,2677.492572694999
1011.0,0.03,25.0,1.23,3600.0,0.3,7.0,470.0,2458752.0,-0.4687058360179576,8.367466094212523,1.2102383590532602,7.305834967608275,1.1418590561676278,5.416905565927906,-128.3037049777165,34.46632677683547,140.46958676775,28921.30734599999,3890.5293826969933
1012.0,0.03,25.0,1.23,3600.0,0.31,7.0,470.0,2458824.0,-0.4693275568866785,9.023272379156811,1.2926183082481422,7.659110807845833,1.1357972422588314,5.708595857553294,-128.1748119467374,36.60700456143348,141.09821915536682,20729.359843000002,2614.9210239929976
1013.0,0.03,25.0,1.23,3600.0,0.32,7.0,470.0,2458888.0,-0.4697093294963443,9.498629818252653,1.367157618493029,8.253647539486906,1.14413935322007,6.106368619391783,-128.04387861078212,39.29333322036454,142.11140823552225,20890.32305100001,2639.177375909999
1014.0,0.03,25.0,1.23,3600.0,0.33,7.0,470.0,2458888.0,-0.4703157709321545,10.262366415970583,1.4582216925379816,8.538194463839794,1.1303985617368923,6.396592278515618,-127.90205146761274,41.28568331303811,142.53235992978688,21021.585088999964,2666.8555093340033
1015.0,0.03,25.0,1.23,3600.0,0.34,7.0,470.0,2458936.0,-0.47077940842336535,10.75202472874461,1.537245902598129,9.193021303332099,1.1405030614931941,6.8093991954493305,-127.7594775549656,44.21750869784578,143.68529512268722,20306.899323999987,2561.8133437009997
1016.0,0.03,25.0,1.23,3600.0,0.35,7.0,470.0,2459048.0,-0.47131224035846236,11.399988525451997,1.6236810169783797,9.722001561013165,1.1412632880093394,7.180959154214394,-127.60805043996716,46.88802185326996,144.56944203557921,20512.707372000004,2588.262703424
1017.0,0.03,25.0,1.23,3600.0,0.36,7.0,470.0,2459114.0,-0.4717671816031398,12.095540286383589,1.7161814703270084,10.191390184848336,1.135611949784167,7.580909684566009,-127.44875083344623,49.359975720845604,145.22470492816691,20562.36868999999,2607.017991721003
1018.0,0.03,25.0,1.23,3600.0,0.37,7.0,470.0,2459088.0,-0.47243212967310905,13.012400566965649,1.8229673634356045,10.410539241581107,1.1224818258375402,7.87794928599083,-127.27835500853797,51.537430945132776,145.69192949569756,31595.15802499997,4272.331562225002
1019.0,0.03,25.0,1.23,3600.0,0.38,7.0,470.0,2459152.0,-0.4729997613843825,13.477381202881544,1.9008615769982145,11.342197406808838,1.139387776549189,8.361833019724838,-127.11186230744704,55.17962457865097,147.20921367968458,21128.945669,2668.1284199889988
1020.0,0.03,25.0,1.23,3600.0,0.39,7.0,470.0,2459184.0,-0.4735974698602394,14.261197909259938,2.007856316107986,11.712733691535616,1.1300443138946488,8.736630361313383,-126.9293413800018,57.64540356756057,147.8563266693455,21033.207921000016,2658.263503734003
1021.0,0.03,25.0,1.23,3600.0,0.4,7.0,470.0,2459264.0,-0.4741656385019085,14.963258738482685,2.0983558592206313,12.448412187560491,1.1371783651561072,9.197694960974374,-126.74568010253033,61.022300974099494,149.06025933039166,22653.12119299999,2883.9595020630036
1022.0,0.03,25.0,1.23,3600.0,0.41,7.0,470.0,2459350.0,-0.47477296392367124,15.766500644903884,2.2047761013353497,12.98190614258379,1.1343031492980133,9.631485837001946,-126.55269245057724,63.949455498323346,149.91747922307562,31726.98306700001,4291.363377529
1023.0,0.03,25.0,1.23,3600.0,0.42,7.0,470.0,2459473.0,-0.4753991203820632,16.51179912576541,2.291739214731436,13.852961830395554,1.1429525223712091,10.116433875645486,-126.35768412772403,67.61869297572458,151.20344305691074,21208.243437000023,2680.114900956
1024.0,0.03,25.0,1.23,3600.0,0.43,7.0,470.0,2459475.0,-0.4761766564658811,17.42686884351843,2.425252369728247,14.061541765377852,1.1311485782100927,10.484614886599829,-126.14532222501052,70.14497235018509,151.89201670997122,21553.22325800002,2727.576107787
1025.0,0.03,25.0,1.23,3600.0,0.4400000000000001,7.0,470.0,2459649.0,-0.4767907263336789,18.211972544924183,2.5252379663799758,14.89949981765958,1.1357651153027544,10.988824488140352,-125.93521536775957,73.74522061801565,153.05490116867114,21242.88675499998,2704.5575327949987
1026.0,0.03,25.0,1.23,3600.0,0.4500000000000001,7.0,470.0,2459761.0,-0.47744471044168724,19.02506196214435,2.6105179082427683,15.914150074644894,1.1463342834779033,11.543351996308113,-125.72251082447367,77.85317147019099,154.48260035332456,20806.545887999975,2627.7192792500027
1027.0,0.03,25.0,1.23,3600.0,0.46,7.0,470.0,2459816.0,-0.47821694158624023,19.96604583931323,2.757211212893139,16.23903919511069,1.1371667398976473,11.961370988668659,-125.49200906186945,80.70116780225933,155.2695096281431,20620.801828999985,2603.550621501999
1028.0,0.03,25.0,1.23,3600.0,0.47,7.0,470.0,2459887.0,-0.4788821158169213,20.884917224824203,2.8664547177576147,16.966096777256055,1.1374116419328506,12.473531235193436,-125.26234886548409,84.2661904604852,156.33753937093798,22356.965087000008,2841.656616633001
1029.0,0.03,25.0,1.23,3600.0,0.48,7.0,470.0,2459980.0,-0.4796597847844277,21.779252190477667,2.973872266398839,17.850054817877314,1.143949007665038,13.022496826595816,-125.02772598691628,88.39529244445848,157.79734233002512,30802.637264,4146.371021604997
1030.0,0.03,25.0,1.23,3600.0,0.49,7.0,470.0,2460012.0,-0.48040872551537966,22.741354064028894,3.097896645099629,18.566330831334042,1.1438578925157814,13.556623132827369,-124.78737115046937,92.10945525628897,158.93462173346842,21404.919341999997,2705.160498414002
1031.0,0.03,25.0,1.23,3600.0,0.5,7.0,470.0,2460103.0,-0.48125866681795637,23.752538328185217,3.2404393200485835,18.99668994961228,1.1375298406671943,14.013880440646092,-124.53284612419252,95.37681574313117,159.90611382883156,22383.158165,2832.710377921006
1032.0,0.03,25.0,1.23,3600.0,0.51,7.0,470.0,2460261.0,-0.4820698106682136,24.749989181036426,3.3823849757740443,19.612531646331004,1.1367449499486861,14.54598688012247,-124.27574536511288,99.16157008944465,161.1464227712936,21597.915002999966,2745.4777621070016
1033.0,0.03,25.0,1.23,3600.0,0.52,7.0,470.0,2460360.0,-0.4829765734531896,25.80238873055629,3.5244642272192674,20.08617165253841,1.132727908412463,15.035011304455585,-124.01103254975445,102.72408935359304,162.28708598857793,20603.843122999933,2599.0438101590025
1034.0,0.03,25.0,1.23,3600.0,0.53,7.0,470.0,2460621.0,-0.4837256899074244,26.853540684752012,3.614466680403738,21.38521183835915,1.1403808152967745,15.707463488185434,-123.75176125084053,107.43397050278594,163.62504906192615,21941.041025000024,2771.8929725780044
1035.0,0.03,25.0,1.23,3600.0,0.54,7.0,470.0,2460818.0,-0.48470993162581766,27.905796942161572,3.7686914259433117,21.82963111516343,1.1373770021260698,16.191874912333883,-123.46996538730721,111.23256731713899,165.00653830884403,29435.200541999955,3958.974295143008
1036.0,0.03,25.0,1.23,3600.0,0.55,7.0,470.0,2461030.0,-0.48562410245524684,29.003554247043578,3.8986429622950802,22.654522975638113,1.136173227843043,16.772348243941128,-123.18205375526209,115.26830716938608,166.12129249573024,21500.742399,2732.9818550500063
1037.0,0.03,25.0,1.23,3600.0,0.56,7.0,470.0,2461421.0,-0.48644275963696326,30.157002175901543,3.9899672304862532,23.832794623456923,1.1407606842216653,17.431194955255016,-122.8949835028531,119.9804832154314,167.46450773318477,21521.330499000003,2717.8124901029987
1038.0,0.03,25.0,1.23,3600.0,0.5700000000000001,7.0,470.0,2461636.0,-0.4876886478557402,31.340729973736718,4.273027266447583,23.038973970619224,1.111780475595553,17.68862099999458,-122.5583802120386,121.14591036866508,167.36293836990558,20850.141560000004,2636.3780888070005
1039.0,0.03,25.0,1.23,3600.0,0.58,7.0,470.0,2461830.0,-0.4888921149950477,32.61205792497311,4.463944447411028,23.18035244774806,1.1021687757925251,18.134537762642314,-122.2213013787844,124.34951474126257,168.17992353727246,22409.954959000013,2840.9771832020033
1040.0,0.03,25.0,1.23,3600.0,0.59,7.0,470.0,2461763.0,-0.48999946086495005,33.920067952521755,4.627884741559576,23.69124829041407,1.0972073595319496,18.66929353969817,-121.87177120057245,128.09515877872096,169.05843545509984,29482.082491,3974.947071034003
1041.0,0.03,25.0,1.23,3600.0,0.6,7.0,470.0,2462121.0,-0.49117808942492464,35.26375542750557,4.804605311397927,24.248617106438516,1.0954305389012993,19.20370504969115,-121.49179000630616,132.2596399657737,170.23074707704666,21146.550492000002,2671.764728586998
1042.0,0.03,25.0,1.23,3600.0,0.61,7.0,470.0,2462153.0,-0.49268506965669406,37.671249183847515,5.048583731845175,24.038141897664172,1.0802122990506169,19.518220086151043,-121.05589165266699,134.80586657047976,169.58556332363884,21505.956714000004,2722.4923007379984
1043.0,0.03,25.0,1.23,3600.0,0.62,7.0,470.0,2462434.0,-0.4937542944650433,38.546316338556764,5.181827984952196,24.971368792429363,1.0859122765012943,20.190581674458244,-120.5529538624967,139.99680288056413,171.6596619526643,21469.40393600002,2726.0379908340033
1044.0,0.03,25.0,1.23,3600.0,0.63,7.0,470.0,2462407.0,-0.49508062563723193,40.051226272269226,5.377817508574558,25.45852005646679,1.0842459511050406,20.732132539974835,-119.86908804682233,144.32743696793744,172.57682863747436,20989.125813000024,2650.995951482004
1045.0,0.03,25.0,1.23,3600.0,0.64,7.0,470.0,2462638.0,-0.496444124741771,41.442536031026066,5.573528068466201,25.94498405194096,1.0864014993949085,21.324363497099363,-118.74371749415026,149.2417370547936,173.70004290041126,28838.79690599997,3881.4773337260026
1046.0,0.03,25.0,1.23,3600.0,0.65,7.0,470.0,2463101.0,-0.49791309027117064,42.922684329397995,5.773927834917271,26.219947519140668,1.09075705302692,21.875807901841632,-116.93464106140804,154.55915596185824,174.70142943796873,20736.64736600004,2622.683984795999
1047.0,0.03,25.0,1.23,3600.0,0.66,7.0,470.0,2463289.0,-0.49936591309712985,44.07758194767311,5.927478208087122,26.825438760770044,1.1048357996304543,22.5508946782746,-114.36474554978106,161.4082058503792,176.3915578053554,21140.497768000027,2679.6408065080013
1048.0,0.03,25.0,1.23,3600.0,0.67,7.0,470.0,2463487.0,-0.5010664544739301,45.851206375060265,6.136224771382315,26.88467210347289,1.1101886159928047,23.048926749142076,-111.54379655074926,167.1423044926596,176.76507104435134,21130.33592900003,2664.014439387997
1049.0,0.03,25.0,1.23,3600.0,0.6799999999999999,7.0,470.0,2463972.0,-0.5029053468113881,47.06236233694726,6.34871441166945,26.987969739624884,1.1137973593751174,23.692449571061733,-108.5596728376916,172.72849530566842,177.19667208405667,21765.875995000002,2747.623214065
1050.0,0.03,25.0,1.23,3600.0,0.69,7.0,470.0,2464418.0,-0.5043414889721043,48.66726265275925,6.4718929433908645,27.632472667136955,1.1342318199914923,24.276740677542616,-105.42073983512203,181.10898852866498,179.48135942295735,30170.40688800003,4069.512610107001
1051.0,0.03,25.0,1.23,3600.0,0.7,7.0,470.0,2464855.0,-0.5061906742997523,50.093566782333816,6.5873378987655204,27.80687629869108,1.1408566546599708,24.839284207533094,-102.01368632430656,187.4852624005809,180.17188353756399,21111.915449999986,2675.9363935119986
1052.0,0.03,25.0,1.23,3600.0,0.71,7.0,470.0,2465434.0,-0.5079652094840839,51.64480878690422,6.666987123664616,28.153178815379132,1.1537281462611209,25.47458599324828,-98.4141167947948,195.05638980593136,181.5309458815299,20743.894330000006,2617.3249799500013
1053.0,0.03,25.0,1.23,3600.0,0.72,7.0,470.0,2465913.0,-0.5097600028309087,53.07872728064682,6.677724104613407,28.58135197725032,1.1672911481495631,26.132270437913494,-94.60730273287552,202.94771552120818,183.08494445365966,20812.14156399998,2630.5914133740043
1054.0,0.03,25.0,1.23,3600.0,0.73,7.0,470.0,2466193.0,-0.5116837339859371,54.634728251910694,6.580836521181752,28.840693584730325,1.1780157563167735,26.759978822947442,-90.55985067666126,210.54107096378618,184.28468445967724,20391.125608999995,2574.580108512003
1055.0,0.03,25.0,1.23,3600.0,0.74,7.0,470.0,2466553.0,-0.513636730639761,56.1588898803733,6.547833251039515,29.21752314401213,1.1913677502116091,27.425901842789116,-86.34515702548833,218.80098810856146,185.7959970158357,19625.88814899997,2469.1359908289974
1056.0,0.03,25.0,1.23,3600.0,0.75,7.0,470.0,2467004.0,-0.515727285962217,57.78937708396392,6.491897338447665,29.323664919357263,1.2004426160355863,28.029907277204025,-81.87375613828321,226.4664779082006,186.7053874275109,19429.025812999993,2450.9343393160043
